feature,ANOVA_F,p_value,observed_N,classes_with_n_ge2,min_observed_per_class,eta_squared,q_BH
hemoglobin,185.0030633076813,2.206740137160365e-214,840,12,35,0.7107962784211664,7.723590480061278e-213
hematocrit,139.9763491237342,2.1009321519598833e-180,840,12,35,0.6502994180839854,3.676631265929796e-179
RBC,119.40233740329072,1.8694858083322833e-162,840,12,35,0.6133417117492802,2.181066776387664e-161
TSAT,115.56356148699108,9.061499859130509e-133,540,12,14,0.7065361039853755,7.928812376739195e-132
UIBC,101.32213299811167,2.1042872440466743e-122,540,12,14,0.6785473188987529,9.2062566927042e-122
MCV,87.89003356196262,5.867142048049188e-131,840,12,35,0.5386647854715413,4.1069994336344314e-130
MCH,84.25141328307835,6.095707711231623e-127,840,12,35,0.5281420917833125,3.555829498218447e-126
RDW,83.71807230704451,1.2340408470601363e-125,825,12,34,0.5311145020877642,6.170204235300681e-125
homocysteine,83.10220257083132,2.633702067948617e-82,298,12,11,0.7616913372292343,7.681631031516799e-82
serum_iron,82.69234836140879,2.9241237897874e-107,540,12,14,0.6327252467201547,1.137159251583989e-106
TIBC,60.27229972659796,6.234350376222695e-86,540,12,14,0.5566733123688477,1.983656937889039e-85
ferritin,59.504977415100726,8.096536497222531e-88,594,12,18,0.5293374601788626,2.833787774027886e-87
ESR,57.57052411736794,1.7029223031226285e-80,492,12,17,0.5688399811034133,4.5847908160993844e-80
sTfR,51.33115188102035,8.897749936634732e-57,252,12,10,0.7017309561847753,1.9463827986388477e-56
CRP,49.48754371503737,3.8684077423886236e-72,496,12,15,0.5293490635060654,9.671019355971559e-72
Ret_He,47.4716428418834,2.429573237748608e-51,226,12,8,0.7093134100454435,5.002062548305958e-51
transferrin,41.907219757355776,5.770696580593128e-65,540,12,14,0.46611629044315017,1.3464958688050632e-64
MMA,33.54714559964883,8.381138927486268e-44,272,12,10,0.5866576928881768,1.396856487914378e-43
LDH,31.815495426708072,8.747465068393407e-45,325,12,8,0.5278824265175504,1.5308063869688462e-44
creatinine,29.860273272035744,7.202257798979253e-49,541,12,21,0.3830637633308078,1.400439016468188e-48
active_B12,29.66209850229842,7.541315136660246e-39,252,12,10,0.5761837021407602,1.099775124096286e-38
MCHC,26.483930254549,1.7800645663925029e-47,840,12,35,0.2602672974733853,3.2790663065125054e-47
vitamin_B12,25.271436193260218,1.1985032692690616e-41,513,12,11,0.35685605410863686,1.906709746564416e-41
haptoglobin,25.117869475045833,1.1508013211331495e-37,346,12,8,0.4527250855100877,1.5491556246023167e-37
indirect_bilirubin,24.35137097693715,4.6479651345869195e-36,325,12,9,0.46114853453085786,6.02513998927934e-36
albumin,23.316572540285968,3.797941693756675e-39,544,12,16,0.3252860572928672,5.7794764904992877e-39
WBC,21.10334855440535,4.830508287511661e-38,840,12,35,0.2189687468937613,6.762711602516325e-38
folate,20.718770498635642,6.9085508088103285e-34,455,12,15,0.33969932294995453,8.63568851101291e-34
copper,18.43818736974834,1.8442014193916834e-20,124,12,2,0.6442412226834499,2.0821628928615778e-20
eGFR,17.990503545826407,1.4934488128296135e-30,541,12,21,0.2722475629376188,1.802438222380568e-30
platelets,14.74723642623666,2.462412777435803e-26,840,12,35,0.16382184373627326,2.872814907008437e-26
vitamin_B6,11.793219271377078,8.115654074748827e-15,135,12,5,0.5133057691593418,8.87649664425653e-15
ceruloplasmin,10.195421971837728,3.080782463094957e-12,130,11,1,0.4614268957991641,3.2674965517673784e-12
reticulocytes,4.128995837570203,9.072959649715578e-06,401,12,13,0.10455104173694595,9.339811404118977e-06
TSH,0.8761593580048758,0.5639110200237685,425,12,14,0.02280381454580147,0.5639110200237685
