class,precision,recall,f1-score,support
no_anemia_no_deficiency,0.8244274809160306,0.9818181818181818,0.8962655601659751,110.0
latent_deficiency,0.9404761904761905,0.9294117647058824,0.9349112426035503,85.0
iron_deficiency_anemia,0.8666666666666667,0.9043478260869565,0.8851063829787233,115.0
B12_deficiency_anemia,0.8266666666666667,0.9538461538461539,0.8857142857142857,65.0
B12_deficiency_no_anemia,0.9574468085106383,0.9,0.9278350515463918,50.0
folate_deficiency_anemia,0.8163265306122449,0.8,0.8080808080808081,50.0
folate_deficiency_no_anemia,0.8387096774193549,0.65,0.7323943661971831,40.0
B6_deficiency,1.0,0.8285714285714286,0.90625,35.0
copper_deficiency,0.9393939393939394,0.8857142857142857,0.9117647058823529,35.0
inflammation_anemia,0.9848484848484849,1.0,0.9923664122137404,65.0
mixed_deficiency,0.945054945054945,0.7478260869565218,0.8349514563106796,115.0
anemia_other,0.8571428571428571,0.96,0.9056603773584906,75.0
