actual,predicted,N,pct_of_actual
mixed_deficiency,iron_deficiency_anemia,14,12.173913043478262
folate_deficiency_no_anemia,no_anemia_no_deficiency,11,27.5
mixed_deficiency,B12_deficiency_anemia,11,9.565217391304348
latent_deficiency,no_anemia_no_deficiency,5,5.882352941176471
B12_deficiency_no_anemia,no_anemia_no_deficiency,4,8.0
B6_deficiency,anemia_other,4,11.428571428571429
folate_deficiency_anemia,anemia_other,4,8.0
iron_deficiency_anemia,mixed_deficiency,4,3.4782608695652173
folate_deficiency_anemia,folate_deficiency_no_anemia,3,6.0
iron_deficiency_anemia,folate_deficiency_anemia,3,2.608695652173913
mixed_deficiency,folate_deficiency_anemia,3,2.608695652173913
anemia_other,no_anemia_no_deficiency,2,2.6666666666666665
copper_deficiency,anemia_other,2,5.714285714285714
folate_deficiency_anemia,copper_deficiency,2,4.0
iron_deficiency_anemia,latent_deficiency,2,1.7391304347826086
B12_deficiency_anemia,B12_deficiency_no_anemia,1,1.5384615384615385
B12_deficiency_anemia,folate_deficiency_anemia,1,1.5384615384615385
B12_deficiency_anemia,anemia_other,1,1.5384615384615385
B12_deficiency_no_anemia,B12_deficiency_anemia,1,2.0
B6_deficiency,no_anemia_no_deficiency,1,2.857142857142857
B6_deficiency,latent_deficiency,1,2.857142857142857
anemia_other,folate_deficiency_anemia,1,1.3333333333333333
copper_deficiency,B12_deficiency_anemia,1,2.857142857142857
copper_deficiency,folate_deficiency_no_anemia,1,2.857142857142857
folate_deficiency_anemia,mixed_deficiency,1,2.0
folate_deficiency_no_anemia,latent_deficiency,1,2.5
folate_deficiency_no_anemia,B12_deficiency_no_anemia,1,2.5
folate_deficiency_no_anemia,folate_deficiency_anemia,1,2.5
iron_deficiency_anemia,inflammation_anemia,1,0.8695652173913043
iron_deficiency_anemia,anemia_other,1,0.8695652173913043
latent_deficiency,iron_deficiency_anemia,1,1.1764705882352942
mixed_deficiency,latent_deficiency,1,0.8695652173913043
no_anemia_no_deficiency,iron_deficiency_anemia,1,0.9090909090909091
no_anemia_no_deficiency,folate_deficiency_no_anemia,1,0.9090909090909091
