a,b,rho,N,abs_rho
hemoglobin,hematocrit,0.976214525766843,840,0.976214525766843
serum_iron,TSAT,0.9461937833362077,540,0.9461937833362077
MCV,MCH,0.9407948787365602,840,0.9407948787365602
TIBC,UIBC,0.9024771955635107,540,0.9024771955635107
copper,ceruloplasmin,0.869573706639544,38,0.869573706639544
RBC,hematocrit,0.8612622457990754,840,0.8612622457990754
creatinine,eGFR,-0.8508544514907567,541,0.8508544514907567
hemoglobin,RBC,0.8120158607622421,840,0.8120158607622421
active_B12,MMA,-0.7777180876592413,102,0.7777180876592413
ferritin,UIBC,-0.767561675307215,417,0.767561675307215
UIBC,TSAT,-0.7622686616469403,540,0.7622686616469403
vitamin_B12,active_B12,0.7486411212661849,186,0.7486411212661849
UIBC,sTfR,0.7413167685934725,172,0.7413167685934725
TSAT,Ret_He,0.7235058780682697,136,0.7235058780682697
sTfR,Ret_He,-0.7115752182750567,79,0.7115752182750567
ferritin,sTfR,-0.7070260733191919,182,0.7070260733191919
vitamin_B12,MMA,-0.7030095316914015,187,0.7030095316914015
ferritin,transferrin,-0.689267534392436,417,0.689267534392436
UIBC,Ret_He,-0.6866263982716507,136,0.6866263982716507
ferritin,TIBC,-0.6786071428139385,417,0.6786071428139385
ferritin,TSAT,0.6551507852213478,417,0.6551507852213478
transferrin,UIBC,0.6262848005603502,540,0.6262848005603502
MMA,homocysteine,0.6211237257786186,109,0.6211237257786186
serum_iron,Ret_He,0.6196413797031358,136,0.6196413797031358
TSAT,sTfR,-0.6148718169692482,172,0.6148718169692482
ferritin,Ret_He,0.6130841213718067,164,0.6130841213718067
MMA,LDH,0.607851935057692,119,0.607851935057692
active_B12,homocysteine,-0.6055964890911367,100,0.6055964890911367
MMA,haptoglobin,-0.6022022575585176,123,0.6022022575585176
active_B12,indirect_bilirubin,-0.5933819908244584,108,0.5933819908244584
LDH,haptoglobin,-0.5922055489525835,168,0.5922055489525835
vitamin_B12,LDH,-0.5867240240479813,213,0.5867240240479813
Ret_He,copper,-0.5850392880967467,36,0.5850392880967467
MCH,TSAT,0.5810927774305199,540,0.5810927774305199
LDH,indirect_bilirubin,0.5786061470385063,144,0.5786061470385063
transferrin,TIBC,0.5762288284342921,540,0.5762288284342921
TIBC,sTfR,0.5689097774610268,172,0.5689097774610268
MCH,serum_iron,0.5475131925472154,540,0.5475131925472154
active_B12,LDH,-0.5428618216361404,106,0.5428618216361404
MCV,TSAT,0.5363421244757686,540,0.5363421244757686
MCH,MCHC,0.5345707196595252,840,0.5345707196595252
homocysteine,LDH,0.5308567127177384,123,0.5308567127177384
serum_iron,UIBC,-0.5304661182645488,540,0.5304661182645488
vitamin_B12,homocysteine,-0.5261546521930809,209,0.5261546521930809
vitamin_B12,indirect_bilirubin,-0.5172140819418518,221,0.5172140819418518
transferrin,sTfR,0.5128636806412238,172,0.5128636806412238
vitamin_B12,haptoglobin,0.5093929498233869,228,0.5093929498233869
RBC,MCV,-0.5047530355617129,840,0.5047530355617129
MCV,serum_iron,0.5045672824010937,540,0.5045672824010937
serum_iron,sTfR,-0.5023892411457083,172,0.5023892411457083
CRP,ESR,0.4967676831347288,307,0.4967676831347288
hemoglobin,RDW,-0.4960276922642186,825,0.4960276922642186
active_B12,haptoglobin,0.4949638644626536,112,0.4949638644626536
transferrin,TSAT,-0.49310795512918293,540,0.49310795512918293
TIBC,Ret_He,-0.47108213980009916,136,0.47108213980009916
indirect_bilirubin,haptoglobin,-0.4678023211304421,153,0.4678023211304421
MCH,UIBC,-0.46695719420393794,540,0.46695719420393794
ferritin,serum_iron,0.4661929572022932,417,0.4661929572022932
MCV,homocysteine,0.46577656343680834,298,0.46577656343680834
RBC,LDH,-0.46461370418465525,325,0.46461370418465525
TIBC,TSAT,-0.4640850408831271,540,0.4640850408831271
MMA,indirect_bilirubin,0.4580370762966368,122,0.4580370762966368
hematocrit,RDW,-0.4554208161537812,825,0.4554208161537812
RBC,MCH,-0.45024112138637185,840,0.45024112138637185
MCV,MMA,0.4497514344394301,272,0.4497514344394301
RDW,ferritin,-0.443626443652536,585,0.443626443652536
MCV,UIBC,-0.431856318809949,540,0.431856318809949
WBC,copper,0.42639792055130893,124,0.42639792055130893
MCH,ferritin,0.42344535718391185,594,0.42344535718391185
transferrin,Ret_He,-0.42215923905162106,136,0.42215923905162106
RDW,UIBC,0.4100515018667814,528,0.4100515018667814
homocysteine,haptoglobin,-0.4099075563841136,124,0.4099075563841136
MCV,haptoglobin,-0.4049167245185455,346,0.4049167245185455
MCHC,TSAT,0.40191856580169,540,0.40191856580169
MCV,LDH,0.3983003431091672,325,0.3983003431091672
MCH,MMA,0.397079548253702,272,0.397079548253702
MCH,homocysteine,0.3957186045411009,298,0.3957186045411009
MCV,active_B12,-0.39059935702997123,252,0.39059935702997123
MCHC,serum_iron,0.38987742584671775,540,0.38987742584671775
homocysteine,copper,0.389521107328748,52,0.389521107328748
RBC,homocysteine,-0.3881287738560631,298,0.3881287738560631
RDW,TSAT,-0.3858148713997411,528,0.3858148713997411
RDW,transferrin,0.38570872559809766,528,0.38570872559809766
MCV,vitamin_B12,-0.3838072131861021,513,0.3838072131861021
RBC,haptoglobin,0.3780106910440916,346,0.3780106910440916
MCV,ferritin,0.37352860616615285,594,0.37352860616615285
MCV,indirect_bilirubin,0.37143153549058694,325,0.37143153549058694
homocysteine,ceruloplasmin,0.3701150990049633,49,0.3701150990049633
TIBC,ESR,-0.3652950212445137,329,0.3652950212445137
RDW,sTfR,0.356425494364783,247,0.356425494364783
MCH,haptoglobin,-0.35588863555868244,346,0.35588863555868244
RBC,RDW,-0.35489194143817543,825,0.35489194143817543
MCH,indirect_bilirubin,0.35285660691431736,325,0.35285660691431736
homocysteine,vitamin_B6,0.34773519163763067,41,0.34773519163763067
serum_iron,transferrin,-0.3467070250452061,540,0.3467070250452061
transferrin,CRP,-0.34499889191286487,323,0.34499889191286487
MCH,LDH,0.3436685224895684,325,0.3436685224895684
RDW,TIBC,0.3430474554173173,528,0.3430474554173173
copper,LDH,0.3417458914921168,55,0.3417458914921168
MCV,folate,-0.3414714811878228,455,0.3414714811878228
MCH,platelets,-0.3407443586955286,840,0.3407443586955286
RBC,MMA,-0.3377200476068834,272,0.3377200476068834
MCH,folate,-0.3332530333634591,455,0.3332530333634591
MCH,active_B12,-0.3299674370815791,252,0.3299674370815791
MCH,sTfR,-0.32867066433336284,252,0.32867066433336284
MCH,Ret_He,0.3258276579857107,226,0.3258276579857107
MCH,vitamin_B12,-0.32530448735523787,513,0.32530448735523787
MCHC,RDW,-0.3249754731695652,825,0.3249754731695652
RDW,LDH,0.324040708430545,319,0.324040708430545
MCH,TIBC,-0.3235974544712957,540,0.3235974544712957
MCV,vitamin_B6,0.32296741474908897,135,0.32296741474908897
Ret_He,vitamin_B6,-0.3206291656237158,31,0.3206291656237158
transferrin,ESR,-0.32037574993203954,329,0.32037574993203954
MCV,platelets,-0.3197444934805361,840,0.3197444934805361
RDW,homocysteine,0.3196687220803665,296,0.3196687220803665
CRP,albumin,-0.31898554766187925,330,0.31898554766187925
copper,ESR,0.31444971077234585,77,0.31444971077234585
copper,haptoglobin,-0.3133669752561743,51,0.3133669752561743
MCHC,ferritin,0.31292943379438215,594,0.31292943379438215
RDW,serum_iron,-0.308793391954256,528,0.308793391954256
MCH,transferrin,-0.30530305058143553,540,0.30530305058143553
MCV,TIBC,-0.30154117874359315,540,0.30154117874359315
TIBC,albumin,0.30146522520159924,343,0.30146522520159924
TIBC,CRP,-0.2988471393577823,323,0.2988471393577823
serum_iron,copper,-0.29863074345219837,78,0.29863074345219837
MMA,ceruloplasmin,0.2979553515371608,43,0.2979553515371608
hematocrit,LDH,-0.2971516643808323,325,0.2971516643808323
MCH,vitamin_B6,0.29668934694486165,135,0.29668934694486165
MCHC,UIBC,-0.2966606724576282,540,0.2966606724576282
hemoglobin,LDH,-0.2952016498337451,325,0.2952016498337451
platelets,serum_iron,-0.29471187059114434,540,0.29471187059114434
RBC,active_B12,0.2924643369175918,252,0.2924643369175918
ferritin,ESR,0.2920410902262257,349,0.2920410902262257
WBC,active_B12,0.2899292351334056,252,0.2899292351334056
homocysteine,indirect_bilirubin,0.2877637681315173,132,0.2877637681315173
RBC,indirect_bilirubin,-0.28749216259079313,325,0.28749216259079313
hemoglobin,MCHC,0.28715465565531645,840,0.28715465565531645
homocysteine,folate,-0.2852264837715516,173,0.2852264837715516
copper,albumin,-0.27931669277367527,88,0.27931669277367527
MCV,MCHC,0.27885493892966956,840,0.27885493892966956
ferritin,CRP,0.2762021190562611,362,0.2762021190562611
TSAT,vitamin_B6,-0.2753309774904329,80,0.2753309774904329
serum_iron,vitamin_B6,-0.2752117221836438,80,0.2752117221836438
serum_iron,ESR,-0.2730575015336416,329,0.2730575015336416
MMA,vitamin_B6,0.27232564461253117,43,0.27232564461253117
MCV,sTfR,-0.27196308587406326,252,0.27196308587406326
RDW,haptoglobin,-0.27135199188234815,339,0.27135199188234815
ceruloplasmin,haptoglobin,-0.2706781006251597,55,0.2706781006251597
RDW,MMA,0.2703116593310209,264,0.2703116593310209
platelets,TSAT,-0.2678268818969869,540,0.2678268818969869
platelets,Ret_He,-0.26638412706820924,226,0.26638412706820924
RDW,Ret_He,-0.26571382633628376,220,0.26571382633628376
MCV,transferrin,-0.2618685761785798,540,0.2618685761785798
MCHC,sTfR,-0.2610130420482453,252,0.2610130420482453
RBC,vitamin_B12,0.2609047002152866,513,0.2609047002152866
RBC,folate,0.25959450257262323,455,0.25959450257262323
ceruloplasmin,LDH,0.2582678536319813,62,0.2582678536319813
MCV,WBC,-0.25707278709646003,840,0.25707278709646003
ferritin,ceruloplasmin,-0.25539802716806603,100,0.25539802716806603
MCV,Ret_He,0.254818524469499,226,0.254818524469499
platelets,MMA,-0.2547935255546488,272,0.2547935255546488
RDW,active_B12,-0.25475618281717277,246,0.25475618281717277
serum_iron,CRP,-0.25331747634442364,323,0.25331747634442364
WBC,serum_iron,-0.2502923332025994,540,0.2502923332025994
transferrin,albumin,0.24857440379919732,343,0.24857440379919732
ceruloplasmin,creatinine,0.24621737099937874,81,0.24621737099937874
WBC,ceruloplasmin,0.24492474945451276,131,0.24492474945451276
WBC,haptoglobin,0.24289696460128318,346,0.24289696460128318
sTfR,ESR,-0.2424490075405421,145,0.2424490075405421
TSAT,folate,-0.24191229501211597,295,0.24191229501211597
MCH,ceruloplasmin,-0.2417861112807991,131,0.2417861112807991
WBC,MMA,-0.2386761470216347,272,0.2386761470216347
serum_iron,folate,-0.23662403182745337,295,0.23662403182745337
ESR,albumin,-0.23644756904140152,331,0.23644756904140152
UIBC,ESR,-0.23532015515866428,329,0.23532015515866428
RBC,vitamin_B6,-0.23482233127985824,135,0.23482233127985824
platelets,active_B12,0.23424710236286908,252,0.23424710236286908
ferritin,copper,-0.2311922229321031,92,0.2311922229321031
MCV,ceruloplasmin,-0.23012555096982953,131,0.23012555096982953
TIBC,copper,-0.22961435883125492,78,0.22961435883125492
RDW,vitamin_B12,-0.22922291271652448,505,0.22922291271652448
MMA,copper,0.22915980230642505,45,0.22915980230642505
UIBC,albumin,0.22836976710403328,343,0.22836976710403328
MCHC,Ret_He,0.22781224537424544,226,0.22781224537424544
ceruloplasmin,eGFR,-0.22434511253548542,81,0.22434511253548542
ceruloplasmin,indirect_bilirubin,0.22015497442024723,56,0.22015497442024723
MCHC,transferrin,-0.21917756127959773,540,0.21917756127959773
WBC,vitamin_B12,0.21894218265492052,513,0.21894218265492052
MCH,WBC,-0.21355461031126866,840,0.21355461031126866
WBC,ESR,0.21324145644239104,492,0.21324145644239104
UIBC,vitamin_B6,0.21179159598161046,80,0.21179159598161046
RBC,WBC,0.20984137864500785,840,0.20984137864500785
TSAT,MMA,0.20840720162990442,179,0.20840720162990442
WBC,TSAT,-0.20819666709686793,540,0.20819666709686793
RBC,UIBC,0.20755729027299957,540,0.20755729027299957
RBC,TSAT,-0.20651759933775415,540,0.20651759933775415
serum_iron,ceruloplasmin,-0.20476212522018605,88,0.20476212522018605
platelets,CRP,0.20433301783313354,496,0.20433301783313354
serum_iron,MMA,0.20330624600758845,179,0.20330624600758845
platelets,ESR,0.20149648379734836,492,0.20149648379734836
hematocrit,haptoglobin,0.20028610262207863,346,0.20028610262207863
copper,creatinine,0.19890106736544744,82,0.19890106736544744
hemoglobin,reticulocytes,0.1974337213345836,401,0.1974337213345836
WBC,homocysteine,-0.19742128297286915,298,0.19742128297286915
hemoglobin,haptoglobin,0.19527786696431,346,0.19527786696431
ferritin,vitamin_B6,-0.19510648698188932,88,0.19510648698188932
serum_iron,indirect_bilirubin,0.19435704111719904,227,0.19435704111719904
RDW,indirect_bilirubin,0.1898654842765012,320,0.1898654842765012
active_B12,ceruloplasmin,-0.18963106706961683,48,0.18963106706961683
TSAT,copper,-0.1893968622433812,78,0.1893968622433812
copper,eGFR,-0.18595294172359986,82,0.18595294172359986
MCH,copper,-0.18577391118413517,124,0.18577391118413517
sTfR,ceruloplasmin,0.18504319321084092,41,0.18504319321084092
RBC,platelets,0.18359542122420097,840,0.18359542122420097
hematocrit,reticulocytes,0.18332759235615714,401,0.18332759235615714
active_B12,copper,-0.1826146066683635,43,0.1826146066683635
MCHC,TIBC,-0.18258925823385322,540,0.18258925823385322
TSAT,ceruloplasmin,-0.17956920118515105,88,0.17956920118515105
UIBC,folate,0.17845734400829028,295,0.17845734400829028
serum_iron,TIBC,-0.17825844534636745,540,0.17825844534636745
RBC,serum_iron,-0.17811233971248688,540,0.17811233971248688
serum_iron,active_B12,-0.17319238721155672,164,0.17319238721155672
RBC,ferritin,-0.17313081922061196,594,0.17313081922061196
WBC,CRP,0.17274315417131705,496,0.17274315417131705
hematocrit,homocysteine,-0.17271977778462805,298,0.17271977778462805
ferritin,albumin,-0.1712784606013362,390,0.1712784606013362
copper,TSH,-0.16984272516805518,72,0.16984272516805518
platelets,indirect_bilirubin,-0.16909241616377657,325,0.16909241616377657
TSAT,indirect_bilirubin,0.16907338612365103,227,0.16907338612365103
folate,creatinine,0.16875823998082248,306,0.16875823998082248
RBC,TIBC,0.16701477713959678,540,0.16701477713959678
MCH,ESR,-0.1662335620786637,492,0.1662335620786637
MCV,copper,-0.1657864089901511,124,0.1657864089901511
RBC,reticulocytes,0.1652195462289684,401,0.1652195462289684
folate,copper,-0.16468871772834565,71,0.16468871772834565
ceruloplasmin,albumin,-0.16136450742832864,89,0.16136450742832864
MCH,RDW,-0.1611853984988181,825,0.1611853984988181
MMA,ESR,-0.1610483003690999,161,0.1610483003690999
MCV,ESR,-0.16078132069443313,492,0.16078132069443313
hemoglobin,homocysteine,-0.1607662497583301,298,0.1607662497583301
platelets,haptoglobin,0.160096117894183,346,0.160096117894183
vitamin_B12,TSH,0.15880705174973422,267,0.15880705174973422
MCHC,platelets,-0.15811754212818346,840,0.15811754212818346
vitamin_B12,CRP,0.15648160572344463,321,0.15648160572344463
RDW,reticulocytes,-0.15527900321093147,394,0.15527900321093147
WBC,indirect_bilirubin,-0.1551362211315131,325,0.1551362211315131
ESR,eGFR,-0.1549872619306485,317,0.1549872619306485
sTfR,folate,0.15458403831403808,143,0.15458403831403808
hematocrit,MMA,-0.15449002793146513,272,0.15449002793146513
reticulocytes,copper,-0.1539757915588745,69,0.1539757915588745
WBC,LDH,-0.1517568544287322,325,0.1517568544287322
sTfR,homocysteine,0.14935113549410567,88,0.14935113549410567
RDW,vitamin_B6,0.14677881856486594,132,0.14677881856486594
hemoglobin,MMA,-0.14507802224516186,272,0.14507802224516186
transferrin,MMA,-0.14470037413356365,179,0.14470037413356365
serum_iron,haptoglobin,-0.14440322647822493,248,0.14440322647822493
UIBC,CRP,-0.14437976339326472,323,0.14437976339326472
platelets,WBC,0.14424902118465624,840,0.14424902118465624
hemoglobin,serum_iron,0.14420697099710142,540,0.14420697099710142
reticulocytes,indirect_bilirubin,-0.14407155017028594,169,0.14407155017028594
copper,CRP,0.14371509248598602,82,0.14371509248598602
vitamin_B6,LDH,0.14084308508135893,44,0.14084308508135893
UIBC,MMA,-0.14028299958355828,179,0.14028299958355828
platelets,LDH,-0.13836735339563935,325,0.13836735339563935
platelets,UIBC,0.13794073351908967,540,0.13794073351908967
active_B12,CRP,0.1378319563200229,149,0.1378319563200229
hemoglobin,TSAT,0.1373365489003594,540,0.1373365489003594
reticulocytes,active_B12,0.135777269288463,117,0.135777269288463
TSAT,CRP,-0.13566895318912026,323,0.13566895318912026
platelets,sTfR,0.13542617728505468,252,0.13542617728505468
TSAT,active_B12,-0.13534407885044988,164,0.13534407885044988
vitamin_B6,haptoglobin,-0.13453410570471463,50,0.13453410570471463
RDW,WBC,-0.13351571212968796,825,0.13351571212968796
MCHC,ceruloplasmin,-0.13284172284659063,131,0.13284172284659063
MMA,albumin,0.13265517480867062,189,0.13265517480867062
sTfR,CRP,-0.13216271322994322,141,0.13216271322994322
platelets,vitamin_B12,0.13189536493021806,513,0.13189536493021806
MCH,CRP,-0.13089044523699864,496,0.13089044523699864
TSAT,haptoglobin,-0.13047283985048103,248,0.13047283985048103
folate,TSH,0.13014154367137595,237,0.13014154367137595
sTfR,creatinine,-0.1282412576250311,160,0.1282412576250311
ferritin,homocysteine,-0.12803793485866202,193,0.12803793485866202
MCHC,copper,-0.12761527690892163,124,0.12761527690892163
platelets,folate,0.1264610586738034,455,0.1264610586738034
MCV,CRP,-0.12616000038100353,496,0.12616000038100353
TIBC,folate,0.12572155778827146,295,0.12572155778827146
reticulocytes,vitamin_B6,-0.12530627351518106,68,0.12530627351518106
reticulocytes,homocysteine,-0.12383679810844063,139,0.12383679810844063
Ret_He,homocysteine,-0.12353224136215446,84,0.12353224136215446
serum_iron,albumin,0.12216550755600727,343,0.12216550755600727
sTfR,eGFR,0.12166137227524298,160,0.12166137227524298
serum_iron,vitamin_B12,-0.12165608393878183,328,0.12165608393878183
WBC,Ret_He,-0.12141651325555197,226,0.12141651325555197
TIBC,vitamin_B6,0.12029022040375338,80,0.12029022040375338
platelets,copper,0.12009744524874666,124,0.12009744524874666
folate,vitamin_B6,-0.12001879444763647,66,0.12001879444763647
Ret_He,CRP,-0.12001308265798248,137,0.12001308265798248
MCHC,vitamin_B6,0.11926253098656568,135,0.11926253098656568
TSAT,ESR,-0.11876816606837795,329,0.11876816606837795
folate,eGFR,-0.11639621566504797,306,0.11639621566504797
MCV,albumin,0.11517753859716268,544,0.11517753859716268
RBC,transferrin,0.1142487163513935,540,0.1142487163513935
active_B12,vitamin_B6,-0.1141790566823984,36,0.1141790566823984
platelets,albumin,-0.11226315590275474,544,0.11226315590275474
active_B12,albumin,-0.11190525203871006,161,0.11190525203871006
copper,indirect_bilirubin,0.1115421353591846,44,0.1115421353591846
TSH,LDH,-0.1112400133958559,174,0.1112400133958559
hematocrit,vitamin_B6,-0.11108048835582171,135,0.11108048835582171
Ret_He,ESR,-0.11076805538023345,124,0.11076805538023345
albumin,haptoglobin,-0.11038571588155675,241,0.11038571588155675
RBC,sTfR,0.1094620281730913,252,0.1094620281730913
Ret_He,folate,-0.10836996502924845,124,0.10836996502924845
RBC,ceruloplasmin,0.10827902883626432,131,0.10827902883626432
TSH,haptoglobin,0.10800364310053417,188,0.10800364310053417
RDW,CRP,-0.10789421481110514,487,0.10789421481110514
reticulocytes,ferritin,0.10741635810964054,282,0.10741635810964054
MMA,eGFR,-0.10540975081514883,177,0.10540975081514883
RDW,ceruloplasmin,0.10526664549467679,130,0.10526664549467679
TSAT,vitamin_B12,-0.10435868424712719,328,0.10435868424712719
MCHC,ESR,-0.10360519316959507,492,0.10360519316959507
WBC,albumin,-0.10319946279085485,544,0.10319946279085485
hemoglobin,active_B12,0.10307990213494342,252,0.10307990213494342
serum_iron,creatinine,0.10241397247725884,342,0.10241397247725884
sTfR,indirect_bilirubin,0.10208531128182737,99,0.10208531128182737
hematocrit,MCHC,0.10194603229049269,840,0.10194603229049269
eGFR,indirect_bilirubin,0.10123126948733989,217,0.10123126948733989
MCH,albumin,0.10121606389322108,544,0.10121606389322108
homocysteine,CRP,-0.09954355101861623,177,0.09954355101861623
hematocrit,folate,0.09888784142191528,455,0.09888784142191528
platelets,TSH,-0.09715303958403433,425,0.09715303958403433
creatinine,indirect_bilirubin,-0.09605462004987896,217,0.09605462004987896
homocysteine,ESR,-0.09531317604076558,172,0.09531317604076558
Ret_He,eGFR,0.09518963480215285,147,0.09518963480215285
hemoglobin,vitamin_B12,0.09494608379599492,513,0.09494608379599492
TSAT,creatinine,0.09456536858981894,342,0.09456536858981894
platelets,homocysteine,-0.09407162044457688,298,0.09407162044457688
reticulocytes,TSH,-0.09399780434693977,200,0.09399780434693977
hemoglobin,MCH,0.09392051793102321,840,0.09392051793102321
RBC,Ret_He,-0.0925860801309824,226,0.0925860801309824
hematocrit,WBC,0.09246410575793199,840,0.09246410575793199
hematocrit,active_B12,0.0919851054123487,252,0.0919851054123487
reticulocytes,serum_iron,0.09187755796438735,260,0.09187755796438735
TIBC,homocysteine,0.09151200815979545,186,0.09151200815979545
sTfR,MMA,0.09145635672719382,87,0.09145635672719382
RDW,folate,-0.09059320513016504,446,0.09059320513016504
Ret_He,active_B12,0.09008352907704911,67,0.09008352907704911
hematocrit,vitamin_B12,0.08984160008471052,513,0.08984160008471052
Ret_He,creatinine,-0.08977086005817062,147,0.08977086005817062
hemoglobin,WBC,0.0889617832220059,840,0.0889617832220059
hematocrit,indirect_bilirubin,-0.0885746620868967,325,0.0885746620868967
platelets,ferritin,-0.08808514334918269,594,0.08808514334918269
folate,ceruloplasmin,0.087917291633561,64,0.087917291633561
serum_iron,eGFR,-0.08709629870810269,342,0.08709629870810269
RDW,albumin,0.08446916585398062,538,0.08446916585398062
MCHC,indirect_bilirubin,0.0841292295578086,325,0.0841292295578086
CRP,indirect_bilirubin,-0.08392856206919198,206,0.08392856206919198
transferrin,indirect_bilirubin,-0.0835020091233373,227,0.0835020091233373
vitamin_B12,vitamin_B6,-0.08318974134508805,80,0.08318974134508805
ESR,LDH,-0.08305269993138278,206,0.08305269993138278
homocysteine,creatinine,-0.08304389065798465,186,0.08304389065798465
Ret_He,vitamin_B12,-0.08285334235520639,137,0.08285334235520639
vitamin_B6,albumin,0.08283882919229708,84,0.08283882919229708
hematocrit,creatinine,-0.08280017184512158,541,0.08280017184512158
sTfR,LDH,0.08273721784730526,94,0.08273721784730526
TSAT,eGFR,-0.08199774762724615,342,0.08199774762724615
reticulocytes,TSAT,0.08094649259687321,260,0.08094649259687321
vitamin_B12,creatinine,0.08065726338478693,341,0.08065726338478693
MMA,folate,0.07892735086542406,153,0.07892735086542406
hemoglobin,ceruloplasmin,-0.07847100707994072,131,0.07847100707994072
hemoglobin,transferrin,-0.07827173839923739,540,0.07827173839923739
hemoglobin,folate,0.07791343036616219,455,0.07791343036616219
transferrin,haptoglobin,0.07785205591776265,248,0.07785205591776265
RDW,ESR,-0.07727456539888457,480,0.07727456539888457
hematocrit,serum_iron,0.07712737920366623,540,0.07712737920366623
CRP,LDH,-0.07711844109668525,215,0.07711844109668525
hemoglobin,ferritin,0.07679881210515943,594,0.07679881210515943
RBC,copper,0.07665432845182339,124,0.07665432845182339
reticulocytes,Ret_He,0.07664806681854647,113,0.07664806681854647
folate,CRP,0.07650295647118359,286,0.07650295647118359
ESR,haptoglobin,0.07644567040293253,210,0.07644567040293253
hematocrit,eGFR,0.07620275877985282,541,0.07620275877985282
transferrin,eGFR,0.0761495750346838,342,0.0761495750346838
active_B12,ESR,0.07545939866669182,155,0.07545939866669182
MCHC,CRP,-0.07483035269385889,496,0.07483035269385889
albumin,indirect_bilirubin,0.0744249038441101,221,0.0744249038441101
UIBC,indirect_bilirubin,-0.0737394705547563,227,0.0737394705547563
hemoglobin,vitamin_B6,-0.07346151876343393,135,0.07346151876343393
albumin,LDH,0.0725504443567022,232,0.0725504443567022
MCHC,reticulocytes,0.07249012922225472,401,0.07249012922225472
hemoglobin,UIBC,-0.07162722144993029,540,0.07162722144993029
UIBC,ceruloplasmin,0.07161907655895719,88,0.07161907655895719
WBC,folate,0.07151280584235897,455,0.07151280584235897
transferrin,vitamin_B6,0.0702170805094632,80,0.0702170805094632
MCV,RDW,-0.06996289740757916,825,0.06996289740757916
hemoglobin,creatinine,-0.06959026365335218,541,0.06959026365335218
transferrin,copper,-0.06930267270966226,78,0.06930267270966226
eGFR,albumin,0.06930018427835496,356,0.06930018427835496
ceruloplasmin,TSH,-0.0685717624075528,70,0.0685717624075528
hemoglobin,indirect_bilirubin,-0.06819471912665415,325,0.06819471912665415
ferritin,creatinine,0.06784655236610096,382,0.06784655236610096
reticulocytes,albumin,-0.06766093039147895,276,0.06766093039147895
hemoglobin,sTfR,-0.06748062210163439,252,0.06748062210163439
reticulocytes,vitamin_B12,0.06727241849497563,250,0.06727241849497563
UIBC,haptoglobin,0.06687169300900836,248,0.06687169300900836
hemoglobin,Ret_He,0.06617685679889164,226,0.06617685679889164
hemoglobin,eGFR,0.06596029766320237,541,0.06596029766320237
vitamin_B12,eGFR,-0.06541957797698274,341,0.06541957797698274
hematocrit,TSAT,0.06468756160715228,540,0.06468756160715228
MCHC,folate,-0.06448402844347999,455,0.06448402844347999
TIBC,MMA,-0.0641234080490283,179,0.0641234080490283
reticulocytes,LDH,-0.06285074820493428,179,0.06285074820493428
ceruloplasmin,ESR,0.0627652166703378,84,0.0627652166703378
UIBC,eGFR,0.06245101554469514,342,0.06245101554469514
creatinine,albumin,-0.06177015241663295,356,0.06177015241663295
vitamin_B12,ceruloplasmin,-0.06151023601662599,89,0.06151023601662599
MCV,creatinine,-0.06131456921969145,541,0.06131456921969145
sTfR,TSH,0.061125828860652945,136,0.061125828860652945
Ret_He,indirect_bilirubin,-0.06039278678476145,83,0.06039278678476145
WBC,UIBC,0.06002835177450534,540,0.06002835177450534
TSH,albumin,-0.05993576147888838,282,0.05993576147888838
ferritin,TSH,-0.05919433393310131,306,0.05919433393310131
UIBC,homocysteine,0.05804042691558718,186,0.05804042691558718
RBC,CRP,0.0559811965706886,496,0.0559811965706886
MCHC,active_B12,0.05573759059454566,252,0.05573759059454566
CRP,TSH,-0.05489667245676991,254,0.05489667245676991
transferrin,creatinine,-0.054564000654971107,342,0.054564000654971107
folate,albumin,-0.054134270355699184,306,0.054134270355699184
vitamin_B12,ESR,0.054045725554966666,303,0.054045725554966666
ceruloplasmin,CRP,0.05348009820089315,84,0.05348009820089315
MMA,creatinine,0.053227857862797184,177,0.053227857862797184
RBC,eGFR,0.053079347854949104,541,0.053079347854949104
serum_iron,homocysteine,0.05307097813191033,186,0.05307097813191033
reticulocytes,UIBC,-0.05294546039599043,260,0.05294546039599043
WBC,ferritin,-0.05259920548127588,594,0.05259920548127588
ESR,creatinine,0.052494891496150387,317,0.052494891496150387
hematocrit,MCV,-0.052385910355004554,840,0.052385910355004554
ferritin,folate,-0.05221299241788935,328,0.05221299241788935
RBC,creatinine,-0.05207492763288255,541,0.05207492763288255
ferritin,LDH,-0.051502156965583336,241,0.051502156965583336
reticulocytes,haptoglobin,-0.05018343540978136,191,0.05018343540978136
UIBC,creatinine,-0.0501608467753253,342,0.0501608467753253
Ret_He,MMA,0.05000592500975694,74,0.05000592500975694
hematocrit,albumin,0.04872678550285623,544,0.04872678550285623
hemoglobin,copper,-0.04802019388108138,124,0.04802019388108138
UIBC,vitamin_B12,0.047604136760786786,328,0.047604136760786786
MCHC,creatinine,0.045326667597628614,541,0.045326667597628614
homocysteine,albumin,-0.04481162430653068,188,0.04481162430653068
hemoglobin,albumin,0.04466417634839895,544,0.04466417634839895
MCV,TSH,-0.04460332195554106,425,0.04460332195554106
sTfR,haptoglobin,0.04457981093673541,112,0.04457981093673541
MCV,eGFR,0.04443431090682516,541,0.04443431090682516
reticulocytes,CRP,-0.04406045137781763,263,0.04406045137781763
platelets,TIBC,0.043812104022923896,540,0.043812104022923896
UIBC,copper,-0.04365340376850474,78,0.04365340376850474
sTfR,albumin,0.043415761685200616,165,0.043415761685200616
TIBC,active_B12,-0.04324635362822491,164,0.04324635362822491
WBC,TSH,0.04323267654485627,425,0.04323267654485627
sTfR,active_B12,-0.04291413893311968,77,0.04291413893311968
homocysteine,eGFR,0.04249381151630774,186,0.04249381151630774
ferritin,eGFR,-0.04247067340395281,382,0.04247067340395281
vitamin_B6,eGFR,0.04222801335316532,76,0.04222801335316532
hematocrit,ceruloplasmin,-0.041914766677109916,131,0.041914766677109916
RBC,ESR,0.04116554365653431,492,0.04116554365653431
sTfR,vitamin_B12,0.040925616695774235,164,0.040925616695774235
ferritin,MMA,0.04077837450917216,191,0.04077837450917216
WBC,transferrin,-0.04073497179889688,540,0.04073497179889688
active_B12,eGFR,-0.04024135907512497,168,0.04024135907512497
MCHC,albumin,0.03985288701776939,544,0.03985288701776939
MCH,creatinine,-0.039639212345565035,541,0.039639212345565035
hematocrit,platelets,0.0390366280703603,840,0.0390366280703603
Ret_He,haptoglobin,0.03897150516961994,102,0.03897150516961994
MCH,TSH,-0.03893760986418995,425,0.03893760986418995
ESR,indirect_bilirubin,-0.0386924740409071,200,0.0386924740409071
creatinine,TSH,-0.03860694137565261,271,0.03860694137565261
active_B12,folate,-0.038173351674410064,122,0.038173351674410064
vitamin_B12,folate,-0.03799562066929958,288,0.03799562066929958
folate,haptoglobin,0.03718731924442856,197,0.03718731924442856
ferritin,vitamin_B12,-0.03668561491752682,365,0.03668561491752682
UIBC,active_B12,0.03666868677761577,164,0.03666868677761577
platelets,reticulocytes,0.03614380366634507,401,0.03614380366634507
creatinine,haptoglobin,0.03526071967229479,224,0.03526071967229479
sTfR,copper,0.03503420658284682,41,0.03503420658284682
eGFR,TSH,0.03498828895669195,271,0.03498828895669195
hemoglobin,TSH,-0.03493558611770602,425,0.03493558611770602
reticulocytes,folate,0.03493455323931934,216,0.03493455323931934
MCH,eGFR,0.03469177873604302,541,0.03469177873604302
Ret_He,TSH,-0.03446827361333036,113,0.03446827361333036
WBC,creatinine,0.03436654228378244,541,0.03436654228378244
hematocrit,copper,-0.033890356037323016,124,0.033890356037323016
Ret_He,albumin,0.0332938399613263,148,0.0332938399613263
transferrin,homocysteine,0.03306082615885991,186,0.03306082615885991
eGFR,LDH,0.03286611189161178,222,0.03286611189161178
hemoglobin,TIBC,-0.03208775760155552,540,0.03208775760155552
TIBC,LDH,0.03195932572876229,223,0.03195932572876229
WBC,sTfR,-0.0317267455351813,252,0.0317267455351813
hematocrit,TSH,-0.031304396085606416,425,0.031304396085606416
RBC,MCHC,-0.03129221101449428,840,0.03129221101449428
TIBC,haptoglobin,0.030578043588041455,248,0.030578043588041455
eGFR,haptoglobin,-0.0303557301877443,224,0.0303557301877443
reticulocytes,ESR,0.03032038404042336,247,0.03032038404042336
TIBC,ceruloplasmin,0.029975553008058264,88,0.029975553008058264
active_B12,TSH,0.029467064577799136,119,0.029467064577799136
hemoglobin,ESR,-0.028994785302009222,492,0.028994785302009222
hematocrit,transferrin,-0.028643218111307895,540,0.028643218111307895
MCHC,WBC,0.028273991780068366,840,0.028273991780068366
platelets,transferrin,0.02762785007461754,540,0.02762785007461754
MCHC,TSH,-0.027585215038046017,425,0.027585215038046017
WBC,eGFR,-0.027410028350964673,541,0.027410028350964673
ferritin,haptoglobin,-0.027155688794971652,251,0.027155688794971652
active_B12,creatinine,0.02672824202617124,168,0.02672824202617124
MCHC,vitamin_B12,0.026637426213163562,513,0.026637426213163562
reticulocytes,TIBC,-0.025998084694664247,260,0.025998084694664247
serum_iron,LDH,0.025262729574933394,223,0.025262729574933394
RDW,creatinine,-0.025016148856980436,530,0.025016148856980436
UIBC,LDH,0.02497913445803593,223,0.02497913445803593
WBC,TIBC,-0.02465570151931156,540,0.02465570151931156
RDW,copper,0.023036424132935145,121,0.023036424132935145
transferrin,ceruloplasmin,-0.02288014878633515,88,0.02288014878633515
MCHC,eGFR,-0.022810791734375155,541,0.022810791734375155
reticulocytes,transferrin,-0.022756975867493243,260,0.022756975867493243
hematocrit,ESR,-0.021296194123153356,492,0.021296194123153356
ferritin,indirect_bilirubin,0.020929117234405367,238,0.020929117234405367
RBC,TSH,-0.020550563396734133,425,0.020550563396734133
RDW,platelets,0.020476145949909635,825,0.020476145949909635
vitamin_B6,CRP,0.020419305107236246,80,0.020419305107236246
RDW,eGFR,0.02012468078654907,530,0.02012468078654907
reticulocytes,creatinine,0.01995007962873,278,0.01995007962873
MCHC,haptoglobin,0.018687214561944037,346,0.018687214561944037
TIBC,TSH,-0.01867555103555003,285,0.01867555103555003
CRP,eGFR,0.01862047329218998,330,0.01862047329218998
MCH,reticulocytes,0.018081574305093252,401,0.018081574305093252
hematocrit,MCH,-0.017776549930732466,840,0.017776549930732466
MCHC,homocysteine,-0.017700067166461313,298,0.017700067166461313
hematocrit,Ret_He,0.01759663424937833,226,0.01759663424937833
TSAT,TSH,-0.01741589037357782,285,0.01741589037357782
CRP,haptoglobin,0.01741058466226026,209,0.01741058466226026
MCV,reticulocytes,-0.017309779960726766,401,0.017309779960726766
platelets,vitamin_B6,-0.017054191730796798,135,0.017054191730796798
Ret_He,LDH,-0.0170404641989826,99,0.0170404641989826
serum_iron,TSH,-0.01616001354159866,285,0.01616001354159866
creatinine,LDH,0.016112438450782373,222,0.016112438450782373
reticulocytes,sTfR,0.016016706339879953,119,0.016016706339879953
reticulocytes,ceruloplasmin,0.015363116173499829,76,0.015363116173499829
TIBC,indirect_bilirubin,-0.014872347592843192,227,0.014872347592843192
vitamin_B12,copper,0.014511084082853502,83,0.014511084082853502
folate,ESR,0.013980184329265939,278,0.013980184329265939
TSAT,homocysteine,0.013875224629686725,186,0.013875224629686725
MCHC,LDH,-0.013741651807131565,325,0.013741651807131565
TIBC,eGFR,0.013604676618569544,342,0.013604676618569544
reticulocytes,MMA,-0.01294425534211075,138,0.01294425534211075
folate,indirect_bilirubin,0.012180346842655133,195,0.012180346842655133
reticulocytes,eGFR,-0.011973272546788304,278,0.011973272546788304
MMA,CRP,-0.011683826532866195,160,0.011683826532866195
vitamin_B6,creatinine,0.011674830079033754,76,0.011674830079033754
transferrin,LDH,-0.01143289713598861,223,0.01143289713598861
hematocrit,sTfR,-0.01114795934152506,252,0.01114795934152506
hematocrit,UIBC,-0.010786749733229907,540,0.010786749733229907
TSAT,LDH,0.010455828339111465,223,0.010455828339111465
vitamin_B12,albumin,0.010445778131501613,354,0.010445778131501613
ferritin,active_B12,0.010437791548283597,174,0.010437791548283597
transferrin,vitamin_B12,0.00977335093596743,328,0.00977335093596743
MCHC,MMA,-0.009447060635395304,272,0.009447060635395304
WBC,vitamin_B6,0.009428647382010156,135,0.009428647382010156
hematocrit,ferritin,0.009392734984197425,594,0.009392734984197425
hematocrit,TIBC,0.009134475422189807,540,0.009134475422189807
UIBC,TSH,-0.009010619093632152,285,0.009010619093632152
ESR,TSH,-0.008757140916262247,251,0.008757140916262247
platelets,ceruloplasmin,0.008004491460319273,131,0.008004491460319273
TSH,indirect_bilirubin,0.007871842534932765,175,0.007871842534932765
homocysteine,TSH,-0.00783872775966475,160,0.00783872775966475
platelets,creatinine,0.007758627528282025,541,0.007758627528282025
RDW,TSH,-0.007379756400933619,419,0.007379756400933619
vitamin_B6,ESR,0.007314663903009662,80,0.007314663903009662
WBC,reticulocytes,-0.006712434144754724,401,0.006712434144754724
hemoglobin,MCV,0.0064913757280290005,840,0.0064913757280290005
RBC,albumin,-0.005563042559670958,544,0.005563042559670958
TIBC,vitamin_B12,0.004335305697216725,328,0.004335305697216725
vitamin_B6,indirect_bilirubin,0.004288818601492836,54,0.004288818601492836
CRP,creatinine,-0.00420525904521032,330,0.00420525904521032
hemoglobin,CRP,-0.00353976236385421,496,0.00353976236385421
hemoglobin,platelets,0.0032542849006680715,840,0.0032542849006680715
transferrin,TSH,-0.003114898192884874,285,0.003114898192884874
sTfR,vitamin_B6,0.0028772292005166,48,0.0028772292005166
platelets,eGFR,0.002546960820004496,541,0.002546960820004496
transferrin,active_B12,-0.0021855210144640516,164,0.0021855210144640516
MMA,TSH,-0.002141200192882696,137,0.002141200192882696
TSAT,albumin,0.0020834392845948185,343,0.0020834392845948185
TIBC,creatinine,0.001324957926346806,342,0.001324957926346806
folate,LDH,-0.001144443987230508,177,0.001144443987230508
hematocrit,CRP,0.0008187460331075618,496,0.0008187460331075618
transferrin,folate,0.0004089319911569431,295,0.0004089319911569431
vitamin_B6,TSH,0.00016079238495579555,72,0.00016079238495579555
