,hemoglobin,RBC,hematocrit,MCV,MCH,MCHC,RDW,platelets,WBC,reticulocytes,ferritin,serum_iron,transferrin,TIBC,UIBC,TSAT,sTfR,Ret_He,vitamin_B12,active_B12,MMA,homocysteine,folate,vitamin_B6,copper,ceruloplasmin,CRP,ESR,creatinine,eGFR,TSH,albumin,LDH,indirect_bilirubin,haptoglobin
hemoglobin,840,840,840,840,840,840,825,840,840,401,594,540,540,540,540,540,252,226,513,252,272,298,455,135,124,131,496,492,541,541,425,544,325,325,346
RBC,840,840,840,840,840,840,825,840,840,401,594,540,540,540,540,540,252,226,513,252,272,298,455,135,124,131,496,492,541,541,425,544,325,325,346
hematocrit,840,840,840,840,840,840,825,840,840,401,594,540,540,540,540,540,252,226,513,252,272,298,455,135,124,131,496,492,541,541,425,544,325,325,346
MCV,840,840,840,840,840,840,825,840,840,401,594,540,540,540,540,540,252,226,513,252,272,298,455,135,124,131,496,492,541,541,425,544,325,325,346
MCH,840,840,840,840,840,840,825,840,840,401,594,540,540,540,540,540,252,226,513,252,272,298,455,135,124,131,496,492,541,541,425,544,325,325,346
MCHC,840,840,840,840,840,840,825,840,840,401,594,540,540,540,540,540,252,226,513,252,272,298,455,135,124,131,496,492,541,541,425,544,325,325,346
RDW,825,825,825,825,825,825,825,825,825,394,585,528,528,528,528,528,247,220,505,246,264,296,446,132,121,130,487,480,530,530,419,538,319,320,339
platelets,840,840,840,840,840,840,825,840,840,401,594,540,540,540,540,540,252,226,513,252,272,298,455,135,124,131,496,492,541,541,425,544,325,325,346
WBC,840,840,840,840,840,840,825,840,840,401,594,540,540,540,540,540,252,226,513,252,272,298,455,135,124,131,496,492,541,541,425,544,325,325,346
reticulocytes,401,401,401,401,401,401,394,401,401,401,282,260,260,260,260,260,119,113,250,117,138,139,216,68,69,76,263,247,278,278,200,276,179,169,191
ferritin,594,594,594,594,594,594,585,594,594,282,594,417,417,417,417,417,182,164,365,174,191,193,328,88,92,100,362,349,382,382,306,390,241,238,251
serum_iron,540,540,540,540,540,540,528,540,540,260,417,540,540,540,540,540,172,136,328,164,179,186,295,80,78,88,323,329,342,342,285,343,223,227,248
transferrin,540,540,540,540,540,540,528,540,540,260,417,540,540,540,540,540,172,136,328,164,179,186,295,80,78,88,323,329,342,342,285,343,223,227,248
TIBC,540,540,540,540,540,540,528,540,540,260,417,540,540,540,540,540,172,136,328,164,179,186,295,80,78,88,323,329,342,342,285,343,223,227,248
UIBC,540,540,540,540,540,540,528,540,540,260,417,540,540,540,540,540,172,136,328,164,179,186,295,80,78,88,323,329,342,342,285,343,223,227,248
TSAT,540,540,540,540,540,540,528,540,540,260,417,540,540,540,540,540,172,136,328,164,179,186,295,80,78,88,323,329,342,342,285,343,223,227,248
sTfR,252,252,252,252,252,252,247,252,252,119,182,172,172,172,172,172,252,79,164,77,87,88,143,48,41,41,141,145,160,160,136,165,94,99,112
Ret_He,226,226,226,226,226,226,220,226,226,113,164,136,136,136,136,136,79,226,137,67,74,84,124,31,36,28,137,124,147,147,113,148,99,83,102
vitamin_B12,513,513,513,513,513,513,505,513,513,250,365,328,328,328,328,328,164,137,513,186,187,209,288,80,83,89,321,303,341,341,267,354,213,221,228
active_B12,252,252,252,252,252,252,246,252,252,117,174,164,164,164,164,164,77,67,186,252,102,100,122,36,43,48,149,155,168,168,119,161,106,108,112
MMA,272,272,272,272,272,272,264,272,272,138,191,179,179,179,179,179,87,74,187,102,272,109,153,43,45,43,160,161,177,177,137,189,119,122,123
homocysteine,298,298,298,298,298,298,296,298,298,139,193,186,186,186,186,186,88,84,209,100,109,298,173,41,52,49,177,172,186,186,160,188,123,132,124
folate,455,455,455,455,455,455,446,455,455,216,328,295,295,295,295,295,143,124,288,122,153,173,455,66,71,64,286,278,306,306,237,306,177,195,197
vitamin_B6,135,135,135,135,135,135,132,135,135,68,88,80,80,80,80,80,48,31,80,36,43,41,66,135,25,18,80,80,76,76,72,84,44,54,50
copper,124,124,124,124,124,124,121,124,124,69,92,78,78,78,78,78,41,36,83,43,45,52,71,25,124,38,82,77,82,82,72,88,55,44,51
ceruloplasmin,131,131,131,131,131,131,130,131,131,76,100,88,88,88,88,88,41,28,89,48,43,49,64,18,38,131,84,84,81,81,70,89,62,56,55
CRP,496,496,496,496,496,496,487,496,496,263,362,323,323,323,323,323,141,137,321,149,160,177,286,80,82,84,496,307,330,330,254,330,215,206,209
ESR,492,492,492,492,492,492,480,492,492,247,349,329,329,329,329,329,145,124,303,155,161,172,278,80,77,84,307,492,317,317,251,331,206,200,210
creatinine,541,541,541,541,541,541,530,541,541,278,382,342,342,342,342,342,160,147,341,168,177,186,306,76,82,81,330,317,541,541,271,356,222,217,224
eGFR,541,541,541,541,541,541,530,541,541,278,382,342,342,342,342,342,160,147,341,168,177,186,306,76,82,81,330,317,541,541,271,356,222,217,224
TSH,425,425,425,425,425,425,419,425,425,200,306,285,285,285,285,285,136,113,267,119,137,160,237,72,72,70,254,251,271,271,425,282,174,175,188
albumin,544,544,544,544,544,544,538,544,544,276,390,343,343,343,343,343,165,148,354,161,189,188,306,84,88,89,330,331,356,356,282,544,232,221,241
LDH,325,325,325,325,325,325,319,325,325,179,241,223,223,223,223,223,94,99,213,106,119,123,177,44,55,62,215,206,222,222,174,232,325,144,168
indirect_bilirubin,325,325,325,325,325,325,320,325,325,169,238,227,227,227,227,227,99,83,221,108,122,132,195,54,44,56,206,200,217,217,175,221,144,325,153
haptoglobin,346,346,346,346,346,346,339,346,346,191,251,248,248,248,248,248,112,102,228,112,123,124,197,50,51,55,209,210,224,224,188,241,168,153,346
