anemia_class,hemoglobin,RBC,hematocrit,MCV,MCH,MCHC,RDW,platelets,WBC,reticulocytes,ferritin,serum_iron,transferrin,TIBC,UIBC,TSAT,sTfR,Ret_He,vitamin_B12,active_B12,MMA,homocysteine,folate,vitamin_B6,copper,ceruloplasmin,CRP,ESR,creatinine,eGFR,TSH,albumin,LDH,indirect_bilirubin,haptoglobin
B12_deficiency_anemia,1.0,1.0,1.0,1.0,1.0,1.0,0.9846153846153847,1.0,1.0,0.5076923076923077,0.6307692307692307,0.5538461538461539,0.5538461538461539,0.5538461538461539,0.5538461538461539,0.5538461538461539,0.2923076923076923,0.27692307692307694,0.8615384615384616,0.4461538461538462,0.5538461538461539,0.49230769230769234,0.5076923076923077,0.07692307692307693,0.18461538461538463,0.16923076923076924,0.6307692307692307,0.5846153846153846,0.6307692307692307,0.6307692307692307,0.676923076923077,0.7692307692307693,0.7230769230769231,0.6461538461538462,0.7846153846153846
B12_deficiency_no_anemia,1.0,1.0,1.0,1.0,1.0,1.0,1.0,1.0,1.0,0.26,0.4,0.34,0.34,0.34,0.34,0.34,0.24,0.24,0.9,0.5,0.52,0.58,0.34,0.12,0.04,0.08,0.52,0.48,0.5,0.5,0.28,0.58,0.16,0.24,0.16
B6_deficiency,1.0,1.0,1.0,1.0,1.0,1.0,0.9714285714285714,1.0,1.0,0.5142857142857142,0.5714285714285714,0.45714285714285713,0.45714285714285713,0.45714285714285713,0.45714285714285713,0.45714285714285713,0.37142857142857144,0.22857142857142856,0.5714285714285714,0.3142857142857143,0.34285714285714286,0.3142857142857143,0.42857142857142855,0.8285714285714286,0.11428571428571428,0.05714285714285714,0.5428571428571428,0.5142857142857142,0.6,0.6,0.5428571428571428,0.6857142857142857,0.3142857142857143,0.34285714285714286,0.2857142857142857
anemia_other,1.0,1.0,1.0,1.0,1.0,1.0,0.96,1.0,1.0,0.52,0.6266666666666667,0.6533333333333333,0.6533333333333333,0.6533333333333333,0.6533333333333333,0.6533333333333333,0.3333333333333333,0.32,0.6133333333333333,0.25333333333333335,0.26666666666666666,0.26666666666666666,0.6133333333333333,0.13333333333333333,0.14666666666666667,0.18666666666666668,0.64,0.6266666666666667,0.8666666666666667,0.8666666666666667,0.52,0.6533333333333333,0.5066666666666667,0.4533333333333333,0.4533333333333333
copper_deficiency,1.0,1.0,1.0,1.0,1.0,1.0,1.0,1.0,1.0,0.6857142857142857,0.6571428571428571,0.4,0.4,0.4,0.4,0.4,0.2857142857142857,0.34285714285714286,0.5428571428571428,0.2857142857142857,0.37142857142857144,0.5428571428571428,0.42857142857142855,0.17142857142857143,0.8571428571428571,0.7714285714285715,0.5714285714285714,0.6285714285714286,0.7714285714285715,0.7714285714285715,0.5142857142857142,0.7428571428571429,0.5428571428571428,0.2571428571428571,0.37142857142857144
folate_deficiency_anemia,1.0,1.0,1.0,1.0,1.0,1.0,1.0,1.0,1.0,0.62,0.72,0.66,0.66,0.66,0.66,0.66,0.42,0.28,0.7,0.36,0.3,0.5,0.84,0.18,0.18,0.08,0.76,0.64,0.78,0.78,0.56,0.76,0.34,0.48,0.38
folate_deficiency_no_anemia,1.0,1.0,1.0,1.0,1.0,1.0,0.95,1.0,1.0,0.35,0.45,0.475,0.475,0.475,0.475,0.475,0.275,0.3,0.275,0.25,0.25,0.425,0.775,0.15,0.05,0.025,0.375,0.425,0.575,0.575,0.4,0.4,0.2,0.225,0.25
inflammation_anemia,1.0,1.0,1.0,1.0,1.0,1.0,0.9846153846153847,1.0,1.0,0.5384615384615384,0.8307692307692308,0.8461538461538461,0.8461538461538461,0.8461538461538461,0.8461538461538461,0.8461538461538461,0.3076923076923077,0.27692307692307694,0.6615384615384615,0.24615384615384617,0.3076923076923077,0.26153846153846155,0.5384615384615384,0.09230769230769231,0.13846153846153847,0.13846153846153847,0.8769230769230769,0.9076923076923077,0.6,0.6,0.47692307692307695,0.676923076923077,0.46153846153846156,0.49230769230769234,0.47692307692307695
iron_deficiency_anemia,1.0,1.0,1.0,1.0,1.0,1.0,0.9826086956521739,1.0,1.0,0.5304347826086957,0.9043478260869565,0.808695652173913,0.808695652173913,0.808695652173913,0.808695652173913,0.808695652173913,0.25217391304347825,0.22608695652173913,0.6347826086956522,0.2782608695652174,0.25217391304347825,0.2782608695652174,0.4956521739130435,0.12173913043478261,0.1565217391304348,0.19130434782608696,0.5826086956521739,0.5652173913043478,0.5478260869565217,0.5478260869565217,0.591304347826087,0.8,0.4434782608695652,0.4,0.4608695652173913
latent_deficiency,1.0,1.0,1.0,1.0,1.0,1.0,0.9764705882352941,1.0,1.0,0.2235294117647059,0.9411764705882353,0.8117647058823529,0.8117647058823529,0.8117647058823529,0.8117647058823529,0.8117647058823529,0.3411764705882353,0.2823529411764706,0.36470588235294116,0.23529411764705882,0.23529411764705882,0.1411764705882353,0.3764705882352941,0.16470588235294117,0.058823529411764705,0.03529411764705882,0.4,0.4235294117647059,0.5411764705882353,0.5411764705882353,0.4235294117647059,0.49411764705882355,0.15294117647058825,0.2235294117647059,0.29411764705882354
mixed_deficiency,1.0,1.0,1.0,1.0,1.0,1.0,0.9826086956521739,1.0,1.0,0.6260869565217392,0.8434782608695652,0.8347826086956521,0.8347826086956521,0.8347826086956521,0.8347826086956521,0.8347826086956521,0.34782608695652173,0.26956521739130435,0.8173913043478261,0.3565217391304348,0.391304347826087,0.45217391304347826,0.7391304347826086,0.1391304347826087,0.1391304347826087,0.1826086956521739,0.6434782608695652,0.6956521739130435,0.7478260869565218,0.7478260869565218,0.5391304347826087,0.6869565217391305,0.6,0.5565217391304348,0.6086956521739131
no_anemia_no_deficiency,1.0,1.0,1.0,1.0,1.0,1.0,0.990909090909091,1.0,1.0,0.38181818181818183,0.4909090909090909,0.39090909090909093,0.39090909090909093,0.39090909090909093,0.39090909090909093,0.39090909090909093,0.20909090909090908,0.24545454545454545,0.36363636363636365,0.19090909090909092,0.23636363636363636,0.2909090909090909,0.42727272727272725,0.12727272727272726,0.05454545454545454,0.11818181818181818,0.5181818181818182,0.4909090909090909,0.6,0.6,0.45454545454545453,0.5,0.12727272727272726,0.2,0.2
