class,N,age_median,age_p25,age_p75,age_min,age_max,F,M,F_pct,F_M_ratio,groups
no_anemia_no_deficiency,110,52.0,44.0,73.75,18,92,73,37,66.36363636363636,1.972972972972973,110
latent_deficiency,85,64.0,46.0,75.0,18,90,58,27,68.23529411764706,2.1481481481481484,85
iron_deficiency_anemia,115,57.0,43.0,76.5,18,91,91,24,79.1304347826087,3.7916666666666665,115
B12_deficiency_anemia,65,64.0,43.0,74.0,21,93,47,18,72.3076923076923,2.611111111111111,65
B12_deficiency_no_anemia,50,63.5,49.0,77.0,18,93,39,11,78.0,3.5454545454545454,50
folate_deficiency_anemia,50,59.0,45.0,69.0,24,93,33,17,66.0,1.9411764705882353,50
folate_deficiency_no_anemia,40,64.0,43.5,73.0,28,87,32,8,80.0,4.0,40
B6_deficiency,35,64.0,47.5,73.0,21,89,22,13,62.857142857142854,1.6923076923076923,35
copper_deficiency,35,56.0,40.5,76.0,18,85,25,10,71.42857142857143,2.5,35
inflammation_anemia,65,59.0,47.0,76.0,18,93,45,20,69.23076923076923,2.25,65
mixed_deficiency,115,60.0,45.0,70.0,18,93,82,33,71.30434782608695,2.484848484848485,115
anemia_other,75,64.0,44.5,76.0,18,88,49,26,65.33333333333333,1.8846153846153846,75
