feature,unit,n,mean,std,min,p05,p25,p50,p75,p95,max,missing_pct
hemoglobin,g/L,840.0,114.26416666666665,22.294276068782068,52.3,81.385,96.57499999999999,111.69999999999999,133.725,151.02499999999998,174.8,0.0
RBC,10^12/L,840.0,4.013488095238095,0.8806992020449779,2.02,2.62,3.3575,4.0,4.65,5.47,6.68,0.0
hematocrit,%,840.0,35.45607142857143,6.600880231304501,17.9,25.495,30.6,35.1,40.725,46.1,53.6,0.0
MCV,fL,840.0,89.62166666666667,10.708688154320857,58.0,73.78999999999999,83.275,88.4,94.92500000000001,110.5,123.4,0.0
MCH,pg,840.0,28.90202380952381,3.9258512676657666,16.7,22.995,26.4,28.7,31.2,35.60999999999999,40.7,0.0
MCHC,g/L,840.0,322.0891666666667,13.611821415983526,270.0,300.095,314.3,322.6,331.1,343.205,359.9,0.0
RDW,%,825.0,16.17551515151515,3.027909297864282,11.1,12.5,13.9,15.5,17.8,22.4,30.2,1.7857142857142856
platelets,10^9/L,840.0,273.69880952380953,88.78160048677582,76.0,146.0,213.75,266.5,324.0,417.0,722.0,0.0
WBC,10^9/L,840.0,6.163892857142857,2.003559636287049,1.9,3.2994999999999997,4.7575,5.895,7.36,9.790999999999999,14.34,0.0
reticulocytes,%,401.0,1.1546134663341645,0.4139262165147365,0.3,0.5,0.9,1.2,1.5,1.8,2.2,52.261904761904766
ferritin,µg/L,594.0,73.00555555555555,78.1222077589831,3.3,6.4,15.7,41.7,106.52499999999999,237.2550000000001,403.9,29.28571428571429
serum_iron,µmol/L,540.0,13.157037037037037,6.883566952350648,2.4,4.2,7.6,11.649999999999999,18.4,25.90999999999999,32.6,35.714285714285715
transferrin,g/L,540.0,2.836092592592592,0.5597542121794487,1.31,1.9595,2.47,2.79,3.21,3.8,4.33,35.714285714285715
TIBC,µmol/L,540.0,69.47833333333334,13.679634016575818,31.1,47.894999999999996,60.0,69.4,79.42500000000001,92.41999999999999,109.2,35.714285714285715
UIBC,µmol/L,540.0,56.321296296296296,16.16033332219937,25.6,35.2,42.475,52.6,70.125,84.21,100.9,35.714285714285715
TSAT,%,540.0,19.829814814814814,11.031991763330836,3.5,5.4,10.475,17.25,28.2,39.605,41.9,35.714285714285715
sTfR,mg/L,252.0,2.4410317460317463,1.239613311615678,0.84,1.092,1.5,1.915,3.5124999999999997,4.7045,6.39,70.0
Ret_He,pg,226.0,29.231858407079645,4.17907518715114,19.1,22.25,25.825,29.799999999999997,32.6,35.2,36.8,73.09523809523809
vitamin_B12,pg/mL,513.0,358.35867446393763,201.95630137201593,84.0,108.6,198.0,307.0,465.0,761.5999999999999,950.0,38.92857142857143
active_B12,pmol/L,252.0,64.14880952380952,34.460552518089735,10.0,14.2,33.6,63.949999999999996,93.75,120.59,129.7,70.0
MMA,µmol/L,272.0,0.37875000000000003,0.30349004980740857,0.101,0.11854999999999999,0.168,0.231,0.54,1.0965999999999998,1.28,67.61904761904762
homocysteine,µmol/L,298.0,19.357046979865775,9.214114155349884,7.1,8.5,11.2,17.45,27.4,34.124999999999964,42.0,64.52380952380953
folate,ng/mL,455.0,7.3199999999999985,4.499150188969856,1.2,1.6,3.6,6.0,11.55,15.2,15.9,45.83333333333333
vitamin_B6,nmol/L,135.0,48.271111111111104,24.703739721323682,5.1,12.139999999999999,23.85,49.1,68.6,86.1,94.1,83.92857142857143
copper,µmol/L,124.0,15.563709677419356,5.193559718456492,5.2,6.66,12.1,15.55,19.675,22.785,29.3,85.23809523809524
ceruloplasmin,g/L,131.0,0.2675572519083969,0.09143380626318974,0.09,0.12,0.21,0.25,0.33,0.425,0.49,84.4047619047619
CRP,mg/L,496.0,8.859475806451611,22.987100267640656,0.2,0.5,1.1,2.1,5.3,44.025000000000006,180.0,40.95238095238095
ESR,mm/h,492.0,13.932926829268293,15.163789177198456,2.0,2.0,5.0,10.0,16.0,42.89999999999998,113.0,41.42857142857143
creatinine,µmol/L,541.0,83.6173752310536,34.0341276616637,46.0,53.0,66.0,77.0,89.0,143.0,347.0,35.595238095238095
eGFR,mL/min/1.73m²,541.0,91.55452865064694,23.823177377908056,18.0,41.0,78.0,94.0,109.0,125.0,125.0,35.595238095238095
TSH,mIU/L,425.0,2.147364705882353,1.4287646799049312,0.26,0.652,1.36,1.82,2.54,4.9579999999999655,9.32,49.404761904761905
albumin,g/L,544.0,41.543933823529414,3.7477900134029505,24.8,35.190000000000005,39.4,41.95,44.125,47.0,49.7,35.23809523809524
LDH,U/L,325.0,265.72615384615386,102.64295402703495,111.0,153.0,195.0,237.0,309.0,481.20000000000016,595.0,61.30952380952381
indirect_bilirubin,µmol/L,325.0,11.302461538461538,6.965403489675175,2.1,3.12,6.3,9.9,13.6,26.160000000000007,32.8,61.30952380952381
haptoglobin,g/L,346.0,1.196184971098266,0.5068475006103184,0.16,0.35,0.82,1.18,1.6175000000000002,2.0175,2.1,58.80952380952381
