algorithm,fold,N,accuracy,balanced_accuracy,macro_f1,multiclass_brier,top_score_ece_10bins
LogisticRegression,1,168,0.8154761904761905,0.82323894136554,0.8230271413051734,0.23995319739941134,0.06642472377512483
LogisticRegression,2,168,0.8214285714285714,0.8303078776863942,0.8218941709081823,0.24906610328401962,0.04406289603514046
LogisticRegression,3,168,0.8452380952380952,0.824514968904355,0.8249194079150354,0.21430149336813537,0.06692956447082292
LogisticRegression,4,168,0.8571428571428571,0.8669077334998052,0.8618257967879347,0.20798626588444724,0.027347741146494374
LogisticRegression,5,168,0.8452380952380952,0.8548005046246735,0.8472236586942471,0.22860729650595696,0.056566021941014226
DecisionTree,1,168,0.7797619047619048,0.7483948720361764,0.7527498273061131,0.418795754186059,0.1935869854885815
DecisionTree,2,168,0.7023809523809523,0.7300148948806239,0.714552076672371,0.4975204029294738,0.23002612919013438
DecisionTree,3,168,0.7321428571428571,0.7237551309162562,0.7138626507120279,0.49718105710095983,0.23358022997999406
DecisionTree,4,168,0.7916666666666666,0.7870606056347743,0.7642227517177039,0.3200013982140244,0.12953758144492072
DecisionTree,5,168,0.7380952380952381,0.7123239718508261,0.7069493073850901,0.4539010787011177,0.21364059133627566
RandomForest,1,168,0.9107142857142857,0.8958678398895791,0.9054784987054281,0.24583413247526278,0.27067782651419897
RandomForest,2,168,0.8690476190476191,0.8748613101873971,0.8706234004322976,0.2663710406593743,0.23184641445024343
RandomForest,3,168,0.8869047619047619,0.8684269268668245,0.8768165967937563,0.2799045327894295,0.27128327953841375
RandomForest,4,168,0.8988095238095238,0.8875520135590468,0.8958006183417107,0.26091357497689416,0.28019566983609767
RandomForest,5,168,0.8809523809523809,0.8655984627052402,0.8716497944112467,0.27030194622091536,0.2550727917134955
GradientBoosting,1,168,0.8571428571428571,0.8263416144810006,0.8425492834422474,0.22078057162084774,0.058872551303254146
GradientBoosting,2,168,0.8809523809523809,0.8827612817702333,0.891126081100391,0.1842880265652059,0.05373028552768026
GradientBoosting,3,168,0.8154761904761905,0.7939376906128824,0.8035416131339206,0.2683791771653509,0.10933579024332613
GradientBoosting,4,168,0.8809523809523809,0.8853606449674225,0.8862827682068445,0.18321531063692217,0.05826408027194563
GradientBoosting,5,168,0.8095238095238095,0.8033748593691049,0.8091196576751495,0.2935967052974478,0.11273595440352915
DemographicsOnly,1,168,0.05952380952380952,0.05496242887547235,0.053346168616972056,1.0642367311098673,0.2729994045001438
DemographicsOnly,2,168,0.09523809523809523,0.0964060484840536,0.08914847643674022,1.0472714314809186,0.23067522144512775
DemographicsOnly,3,168,0.06547619047619048,0.059649559377820245,0.055684712321219014,1.081430148591428,0.2700541183698147
DemographicsOnly,4,168,0.05952380952380952,0.06441871214889118,0.059618005451338774,1.06625195033867,0.2563267480248773
DemographicsOnly,5,168,0.08333333333333333,0.06840044901106282,0.0683397420329264,1.0343770017824216,0.24327085802130624
MissingnessOnly,1,168,0.2976190476190476,0.32519022785966517,0.29353514132925895,0.8270994365841806,0.05569374029027876
MissingnessOnly,2,168,0.24404761904761904,0.24106068874291378,0.22116106214752643,0.846283869353545,0.026501633868644896
MissingnessOnly,3,168,0.23214285714285715,0.23581722518742979,0.22175180898006983,0.8357483465116564,0.030280589963164708
MissingnessOnly,4,168,0.25,0.23328065796096484,0.2142535604492126,0.8377848376751131,0.061952017331946774
MissingnessOnly,5,168,0.30357142857142855,0.30113397897924754,0.2866718289134849,0.820603084165066,0.06030465881631109
LabsOnly_RF,1,168,0.9166666666666666,0.8994910282953761,0.9072066389643029,0.2522765779272727,0.28772345853204107
LabsOnly_RF,2,168,0.8571428571428571,0.858034387110474,0.8552901573734907,0.2751766471958118,0.23656340888677027
LabsOnly_RF,3,168,0.8869047619047619,0.8679380224776644,0.8744682616234339,0.2879531486500266,0.2855506582261715
LabsOnly_RF,4,168,0.8928571428571429,0.8850429071496847,0.8883032283600768,0.26166486939473366,0.275910194033573
LabsOnly_RF,5,168,0.8869047619047619,0.88413201248879,0.8858168641955154,0.2756809181511449,0.27101551799082946
