row_index,group,fold,class
0,0,3,B12_deficiency_no_anemia
1,1,4,folate_deficiency_no_anemia
2,2,5,latent_deficiency
3,3,1,B12_deficiency_no_anemia
4,4,4,B12_deficiency_anemia
5,5,3,anemia_other
6,6,5,inflammation_anemia
7,7,3,B12_deficiency_anemia
8,8,3,B12_deficiency_anemia
9,9,2,latent_deficiency
10,10,5,iron_deficiency_anemia
11,11,5,no_anemia_no_deficiency
12,12,3,mixed_deficiency
13,13,2,inflammation_anemia
14,14,4,folate_deficiency_anemia
15,15,5,latent_deficiency
16,16,3,B12_deficiency_anemia
17,17,5,mixed_deficiency
18,18,5,latent_deficiency
19,19,5,mixed_deficiency
20,20,4,no_anemia_no_deficiency
21,21,5,anemia_other
22,22,3,folate_deficiency_no_anemia
23,23,1,mixed_deficiency
24,24,5,anemia_other
25,25,1,latent_deficiency
26,26,3,latent_deficiency
27,27,2,B12_deficiency_anemia
28,28,3,latent_deficiency
29,29,2,iron_deficiency_anemia
30,30,3,iron_deficiency_anemia
31,31,5,iron_deficiency_anemia
32,32,5,folate_deficiency_no_anemia
33,33,1,anemia_other
34,34,1,anemia_other
35,35,1,no_anemia_no_deficiency
36,36,1,folate_deficiency_anemia
37,37,1,folate_deficiency_no_anemia
38,38,4,inflammation_anemia
39,39,3,B12_deficiency_anemia
40,40,5,iron_deficiency_anemia
41,41,2,B12_deficiency_anemia
42,42,1,iron_deficiency_anemia
43,43,4,iron_deficiency_anemia
44,44,1,latent_deficiency
45,45,1,mixed_deficiency
46,46,5,mixed_deficiency
47,47,3,inflammation_anemia
48,48,2,folate_deficiency_anemia
49,49,5,no_anemia_no_deficiency
50,50,3,B12_deficiency_anemia
51,51,4,B12_deficiency_anemia
52,52,4,copper_deficiency
53,53,1,copper_deficiency
54,54,4,B12_deficiency_anemia
55,55,3,folate_deficiency_anemia
56,56,1,anemia_other
57,57,1,anemia_other
58,58,3,anemia_other
59,59,5,anemia_other
60,60,3,no_anemia_no_deficiency
61,61,2,B12_deficiency_no_anemia
62,62,3,folate_deficiency_anemia
63,63,2,iron_deficiency_anemia
64,64,3,copper_deficiency
65,65,5,folate_deficiency_no_anemia
66,66,4,iron_deficiency_anemia
67,67,2,mixed_deficiency
68,68,3,inflammation_anemia
69,69,5,latent_deficiency
70,70,2,iron_deficiency_anemia
71,71,1,no_anemia_no_deficiency
72,72,5,mixed_deficiency
73,73,4,latent_deficiency
74,74,3,B12_deficiency_anemia
75,75,2,iron_deficiency_anemia
76,76,5,latent_deficiency
77,77,1,no_anemia_no_deficiency
78,78,4,mixed_deficiency
79,79,3,iron_deficiency_anemia
80,80,2,iron_deficiency_anemia
81,81,5,mixed_deficiency
82,82,5,mixed_deficiency
83,83,3,anemia_other
84,84,3,inflammation_anemia
85,85,3,folate_deficiency_no_anemia
86,86,5,mixed_deficiency
87,87,1,anemia_other
88,88,3,iron_deficiency_anemia
89,89,3,latent_deficiency
90,90,3,inflammation_anemia
91,91,1,folate_deficiency_no_anemia
92,92,2,no_anemia_no_deficiency
93,93,1,mixed_deficiency
94,94,3,B6_deficiency
95,95,4,mixed_deficiency
96,96,5,iron_deficiency_anemia
97,97,1,latent_deficiency
98,98,2,iron_deficiency_anemia
99,99,2,iron_deficiency_anemia
100,100,2,copper_deficiency
101,101,1,inflammation_anemia
102,102,5,iron_deficiency_anemia
103,103,1,no_anemia_no_deficiency
104,104,2,B12_deficiency_anemia
105,105,4,copper_deficiency
106,106,5,copper_deficiency
107,107,1,folate_deficiency_anemia
108,108,2,no_anemia_no_deficiency
109,109,3,no_anemia_no_deficiency
110,110,1,no_anemia_no_deficiency
111,111,2,iron_deficiency_anemia
112,112,1,iron_deficiency_anemia
113,113,5,no_anemia_no_deficiency
114,114,5,B12_deficiency_anemia
115,115,3,mixed_deficiency
116,116,2,latent_deficiency
117,117,4,no_anemia_no_deficiency
118,118,5,inflammation_anemia
119,119,3,B6_deficiency
120,120,4,no_anemia_no_deficiency
121,121,2,mixed_deficiency
122,122,2,anemia_other
123,123,5,latent_deficiency
124,124,1,iron_deficiency_anemia
125,125,2,iron_deficiency_anemia
126,126,5,anemia_other
127,127,1,inflammation_anemia
128,128,4,iron_deficiency_anemia
129,129,1,iron_deficiency_anemia
130,130,3,inflammation_anemia
131,131,5,copper_deficiency
132,132,5,B12_deficiency_no_anemia
133,133,1,no_anemia_no_deficiency
134,134,2,latent_deficiency
135,135,3,no_anemia_no_deficiency
136,136,4,no_anemia_no_deficiency
137,137,1,no_anemia_no_deficiency
138,138,2,inflammation_anemia
139,139,1,B6_deficiency
140,140,2,folate_deficiency_anemia
141,141,3,folate_deficiency_anemia
142,142,2,mixed_deficiency
143,143,5,mixed_deficiency
144,144,1,mixed_deficiency
145,145,4,latent_deficiency
146,146,4,iron_deficiency_anemia
147,147,1,no_anemia_no_deficiency
148,148,4,inflammation_anemia
149,149,5,B12_deficiency_anemia
150,150,5,B6_deficiency
151,151,2,iron_deficiency_anemia
152,152,3,inflammation_anemia
153,153,5,folate_deficiency_anemia
154,154,3,B12_deficiency_no_anemia
155,155,5,folate_deficiency_anemia
156,156,1,folate_deficiency_no_anemia
157,157,5,inflammation_anemia
158,158,4,B6_deficiency
159,159,3,no_anemia_no_deficiency
160,160,2,anemia_other
161,161,3,anemia_other
162,162,3,copper_deficiency
163,163,4,inflammation_anemia
164,164,4,no_anemia_no_deficiency
165,165,2,B6_deficiency
166,166,1,iron_deficiency_anemia
167,167,5,folate_deficiency_no_anemia
168,168,4,inflammation_anemia
169,169,3,folate_deficiency_anemia
170,170,2,latent_deficiency
171,171,4,mixed_deficiency
172,172,2,B6_deficiency
173,173,3,anemia_other
174,174,1,inflammation_anemia
175,175,1,iron_deficiency_anemia
176,176,1,no_anemia_no_deficiency
177,177,3,copper_deficiency
178,178,4,iron_deficiency_anemia
179,179,2,iron_deficiency_anemia
180,180,4,iron_deficiency_anemia
181,181,1,anemia_other
182,182,5,folate_deficiency_no_anemia
183,183,1,mixed_deficiency
184,184,5,inflammation_anemia
185,185,1,latent_deficiency
186,186,4,latent_deficiency
187,187,3,iron_deficiency_anemia
188,188,4,anemia_other
189,189,4,anemia_other
190,190,4,no_anemia_no_deficiency
191,191,4,iron_deficiency_anemia
192,192,2,no_anemia_no_deficiency
193,193,4,B12_deficiency_no_anemia
194,194,5,latent_deficiency
195,195,1,mixed_deficiency
196,196,2,anemia_other
197,197,4,B12_deficiency_no_anemia
198,198,2,iron_deficiency_anemia
199,199,4,no_anemia_no_deficiency
200,200,5,latent_deficiency
201,201,4,iron_deficiency_anemia
202,202,3,B6_deficiency
203,203,5,mixed_deficiency
204,204,3,latent_deficiency
205,205,3,B6_deficiency
206,206,4,folate_deficiency_anemia
207,207,5,copper_deficiency
208,208,4,mixed_deficiency
209,209,3,folate_deficiency_anemia
210,210,2,iron_deficiency_anemia
211,211,5,copper_deficiency
212,212,4,copper_deficiency
213,213,1,B12_deficiency_anemia
214,214,3,iron_deficiency_anemia
215,215,1,iron_deficiency_anemia
216,216,5,anemia_other
217,217,5,folate_deficiency_anemia
218,218,2,B12_deficiency_anemia
219,219,2,folate_deficiency_anemia
220,220,1,mixed_deficiency
221,221,3,B12_deficiency_no_anemia
222,222,5,iron_deficiency_anemia
223,223,2,inflammation_anemia
224,224,4,anemia_other
225,225,5,B12_deficiency_anemia
226,226,4,folate_deficiency_anemia
227,227,1,iron_deficiency_anemia
228,228,3,inflammation_anemia
229,229,3,inflammation_anemia
230,230,4,anemia_other
231,231,3,B12_deficiency_no_anemia
232,232,3,latent_deficiency
233,233,4,iron_deficiency_anemia
234,234,3,folate_deficiency_no_anemia
235,235,3,B6_deficiency
236,236,5,B12_deficiency_no_anemia
237,237,4,iron_deficiency_anemia
238,238,2,mixed_deficiency
239,239,5,no_anemia_no_deficiency
240,240,3,mixed_deficiency
241,241,4,mixed_deficiency
242,242,5,no_anemia_no_deficiency
243,243,4,mixed_deficiency
244,244,1,B12_deficiency_anemia
245,245,5,inflammation_anemia
246,246,4,iron_deficiency_anemia
247,247,1,B12_deficiency_anemia
248,248,5,anemia_other
249,249,4,folate_deficiency_no_anemia
250,250,3,no_anemia_no_deficiency
251,251,5,no_anemia_no_deficiency
252,252,1,folate_deficiency_anemia
253,253,4,latent_deficiency
254,254,2,iron_deficiency_anemia
255,255,5,B12_deficiency_anemia
256,256,3,mixed_deficiency
257,257,3,folate_deficiency_anemia
258,258,3,no_anemia_no_deficiency
259,259,3,B12_deficiency_anemia
260,260,1,folate_deficiency_anemia
261,261,5,mixed_deficiency
262,262,4,mixed_deficiency
263,263,4,mixed_deficiency
264,264,3,no_anemia_no_deficiency
265,265,1,mixed_deficiency
266,266,4,copper_deficiency
267,267,2,iron_deficiency_anemia
268,268,5,latent_deficiency
269,269,5,no_anemia_no_deficiency
270,270,4,inflammation_anemia
271,271,2,folate_deficiency_no_anemia
272,272,1,B12_deficiency_anemia
273,273,1,latent_deficiency
274,274,3,mixed_deficiency
275,275,2,latent_deficiency
276,276,4,latent_deficiency
277,277,4,folate_deficiency_no_anemia
278,278,5,iron_deficiency_anemia
279,279,5,B12_deficiency_anemia
280,280,1,no_anemia_no_deficiency
281,281,5,no_anemia_no_deficiency
282,282,2,B6_deficiency
283,283,2,no_anemia_no_deficiency
284,284,1,folate_deficiency_anemia
285,285,4,no_anemia_no_deficiency
286,286,2,mixed_deficiency
287,287,2,anemia_other
288,288,5,inflammation_anemia
289,289,5,inflammation_anemia
290,290,1,anemia_other
291,291,3,latent_deficiency
292,292,5,B12_deficiency_anemia
293,293,3,iron_deficiency_anemia
294,294,4,B12_deficiency_anemia
295,295,4,B12_deficiency_anemia
296,296,4,B12_deficiency_no_anemia
297,297,5,no_anemia_no_deficiency
298,298,2,B6_deficiency
299,299,4,latent_deficiency
300,300,2,B6_deficiency
301,301,1,latent_deficiency
302,302,1,no_anemia_no_deficiency
303,303,2,mixed_deficiency
304,304,1,B6_deficiency
305,305,5,no_anemia_no_deficiency
306,306,4,mixed_deficiency
307,307,3,anemia_other
308,308,1,inflammation_anemia
309,309,2,iron_deficiency_anemia
310,310,3,B12_deficiency_anemia
311,311,3,mixed_deficiency
312,312,4,no_anemia_no_deficiency
313,313,3,B12_deficiency_no_anemia
314,314,3,inflammation_anemia
315,315,3,iron_deficiency_anemia
316,316,4,anemia_other
317,317,4,copper_deficiency
318,318,5,no_anemia_no_deficiency
319,319,2,anemia_other
320,320,1,folate_deficiency_anemia
321,321,5,anemia_other
322,322,3,iron_deficiency_anemia
323,323,3,copper_deficiency
324,324,5,iron_deficiency_anemia
325,325,3,no_anemia_no_deficiency
326,326,2,B12_deficiency_anemia
327,327,4,no_anemia_no_deficiency
328,328,1,mixed_deficiency
329,329,3,B12_deficiency_no_anemia
330,330,5,inflammation_anemia
331,331,4,B6_deficiency
332,332,4,iron_deficiency_anemia
333,333,4,latent_deficiency
334,334,2,B12_deficiency_anemia
335,335,5,copper_deficiency
336,336,4,folate_deficiency_no_anemia
337,337,3,mixed_deficiency
338,338,4,latent_deficiency
339,339,3,mixed_deficiency
340,340,1,iron_deficiency_anemia
341,341,1,mixed_deficiency
342,342,4,mixed_deficiency
343,343,2,no_anemia_no_deficiency
344,344,4,B12_deficiency_anemia
345,345,4,folate_deficiency_no_anemia
346,346,4,mixed_deficiency
347,347,1,no_anemia_no_deficiency
348,348,5,iron_deficiency_anemia
349,349,4,mixed_deficiency
350,350,4,inflammation_anemia
351,351,1,B12_deficiency_anemia
352,352,3,inflammation_anemia
353,353,4,latent_deficiency
354,354,2,B12_deficiency_anemia
355,355,2,no_anemia_no_deficiency
356,356,1,no_anemia_no_deficiency
357,357,5,B6_deficiency
358,358,3,anemia_other
359,359,4,folate_deficiency_anemia
360,360,5,folate_deficiency_no_anemia
361,361,1,copper_deficiency
362,362,2,inflammation_anemia
363,363,1,copper_deficiency
364,364,2,mixed_deficiency
365,365,3,no_anemia_no_deficiency
366,366,2,B12_deficiency_anemia
367,367,2,no_anemia_no_deficiency
368,368,2,folate_deficiency_anemia
369,369,4,iron_deficiency_anemia
370,370,4,B12_deficiency_anemia
371,371,1,B12_deficiency_anemia
372,372,1,mixed_deficiency
373,373,1,B6_deficiency
374,374,4,inflammation_anemia
375,375,4,anemia_other
376,376,3,B12_deficiency_anemia
377,377,4,inflammation_anemia
378,378,4,inflammation_anemia
379,379,2,B12_deficiency_no_anemia
380,380,4,folate_deficiency_anemia
381,381,5,iron_deficiency_anemia
382,382,2,copper_deficiency
383,383,5,iron_deficiency_anemia
384,384,2,iron_deficiency_anemia
385,385,1,B12_deficiency_no_anemia
386,386,5,anemia_other
387,387,2,anemia_other
388,388,2,no_anemia_no_deficiency
389,389,1,no_anemia_no_deficiency
390,390,5,folate_deficiency_no_anemia
391,391,3,no_anemia_no_deficiency
392,392,5,copper_deficiency
393,393,3,latent_deficiency
394,394,4,folate_deficiency_anemia
395,395,2,inflammation_anemia
396,396,3,latent_deficiency
397,397,1,copper_deficiency
398,398,1,iron_deficiency_anemia
399,399,5,iron_deficiency_anemia
400,400,4,anemia_other
401,401,1,B6_deficiency
402,402,4,inflammation_anemia
403,403,4,B12_deficiency_anemia
404,404,5,no_anemia_no_deficiency
405,405,3,latent_deficiency
406,406,1,anemia_other
407,407,3,copper_deficiency
408,408,1,B6_deficiency
409,409,4,anemia_other
410,410,1,latent_deficiency
411,411,5,mixed_deficiency
412,412,3,folate_deficiency_no_anemia
413,413,5,latent_deficiency
414,414,1,B12_deficiency_no_anemia
415,415,1,inflammation_anemia
416,416,3,iron_deficiency_anemia
417,417,3,copper_deficiency
418,418,1,B12_deficiency_no_anemia
419,419,5,mixed_deficiency
420,420,3,mixed_deficiency
421,421,3,mixed_deficiency
422,422,2,latent_deficiency
423,423,5,iron_deficiency_anemia
424,424,2,mixed_deficiency
425,425,3,latent_deficiency
426,426,3,no_anemia_no_deficiency
427,427,5,B12_deficiency_no_anemia
428,428,5,B6_deficiency
429,429,2,folate_deficiency_no_anemia
430,430,3,inflammation_anemia
431,431,5,mixed_deficiency
432,432,5,no_anemia_no_deficiency
433,433,5,folate_deficiency_anemia
434,434,1,iron_deficiency_anemia
435,435,2,no_anemia_no_deficiency
436,436,1,inflammation_anemia
437,437,5,copper_deficiency
438,438,5,B12_deficiency_no_anemia
439,439,5,latent_deficiency
440,440,2,no_anemia_no_deficiency
441,441,5,iron_deficiency_anemia
442,442,4,no_anemia_no_deficiency
443,443,1,iron_deficiency_anemia
444,444,1,folate_deficiency_no_anemia
445,445,1,iron_deficiency_anemia
446,446,4,iron_deficiency_anemia
447,447,1,no_anemia_no_deficiency
448,448,1,inflammation_anemia
449,449,4,mixed_deficiency
450,450,5,mixed_deficiency
451,451,4,anemia_other
452,452,3,iron_deficiency_anemia
453,453,4,iron_deficiency_anemia
454,454,2,mixed_deficiency
455,455,3,folate_deficiency_anemia
456,456,4,B6_deficiency
457,457,3,iron_deficiency_anemia
458,458,2,folate_deficiency_anemia
459,459,3,copper_deficiency
460,460,5,mixed_deficiency
461,461,1,no_anemia_no_deficiency
462,462,1,mixed_deficiency
463,463,2,B6_deficiency
464,464,4,folate_deficiency_no_anemia
465,465,3,anemia_other
466,466,5,no_anemia_no_deficiency
467,467,1,mixed_deficiency
468,468,1,latent_deficiency
469,469,1,folate_deficiency_anemia
470,470,1,inflammation_anemia
471,471,2,folate_deficiency_anemia
472,472,1,mixed_deficiency
473,473,4,copper_deficiency
474,474,1,copper_deficiency
475,475,1,no_anemia_no_deficiency
476,476,3,no_anemia_no_deficiency
477,477,5,B6_deficiency
478,478,4,folate_deficiency_anemia
479,479,2,mixed_deficiency
480,480,1,mixed_deficiency
481,481,1,copper_deficiency
482,482,1,B12_deficiency_no_anemia
483,483,3,no_anemia_no_deficiency
484,484,5,folate_deficiency_no_anemia
485,485,1,latent_deficiency
486,486,4,no_anemia_no_deficiency
487,487,1,inflammation_anemia
488,488,3,folate_deficiency_no_anemia
489,489,3,iron_deficiency_anemia
490,490,1,latent_deficiency
491,491,4,B12_deficiency_no_anemia
492,492,5,iron_deficiency_anemia
493,493,4,B12_deficiency_no_anemia
494,494,5,anemia_other
495,495,4,latent_deficiency
496,496,2,inflammation_anemia
497,497,3,no_anemia_no_deficiency
498,498,4,mixed_deficiency
499,499,5,mixed_deficiency
500,500,2,anemia_other
501,501,2,iron_deficiency_anemia
502,502,4,B12_deficiency_no_anemia
503,503,4,no_anemia_no_deficiency
504,504,3,folate_deficiency_no_anemia
505,505,4,iron_deficiency_anemia
506,506,2,folate_deficiency_anemia
507,507,4,mixed_deficiency
508,508,4,iron_deficiency_anemia
509,509,1,B12_deficiency_no_anemia
510,510,5,anemia_other
511,511,5,mixed_deficiency
512,512,4,iron_deficiency_anemia
513,513,3,latent_deficiency
514,514,2,mixed_deficiency
515,515,4,B12_deficiency_anemia
516,516,4,mixed_deficiency
517,517,4,B6_deficiency
518,518,1,inflammation_anemia
519,519,3,iron_deficiency_anemia
520,520,1,mixed_deficiency
521,521,4,anemia_other
522,522,2,latent_deficiency
523,523,1,inflammation_anemia
524,524,4,latent_deficiency
525,525,1,iron_deficiency_anemia
526,526,2,inflammation_anemia
527,527,4,iron_deficiency_anemia
528,528,3,mixed_deficiency
529,529,2,B6_deficiency
530,530,2,no_anemia_no_deficiency
531,531,3,latent_deficiency
532,532,2,folate_deficiency_anemia
533,533,5,inflammation_anemia
534,534,5,iron_deficiency_anemia
535,535,3,B6_deficiency
536,536,5,no_anemia_no_deficiency
537,537,1,folate_deficiency_no_anemia
538,538,2,anemia_other
539,539,2,mixed_deficiency
540,540,5,mixed_deficiency
541,541,3,iron_deficiency_anemia
542,542,2,latent_deficiency
543,543,5,latent_deficiency
544,544,2,copper_deficiency
545,545,4,latent_deficiency
546,546,4,no_anemia_no_deficiency
547,547,2,no_anemia_no_deficiency
548,548,1,folate_deficiency_no_anemia
549,549,3,folate_deficiency_no_anemia
550,550,4,no_anemia_no_deficiency
551,551,3,inflammation_anemia
552,552,1,iron_deficiency_anemia
553,553,3,B12_deficiency_no_anemia
554,554,1,no_anemia_no_deficiency
555,555,2,copper_deficiency
556,556,1,iron_deficiency_anemia
557,557,1,folate_deficiency_no_anemia
558,558,2,folate_deficiency_no_anemia
559,559,4,mixed_deficiency
560,560,2,folate_deficiency_no_anemia
561,561,5,latent_deficiency
562,562,2,no_anemia_no_deficiency
563,563,4,no_anemia_no_deficiency
564,564,1,latent_deficiency
565,565,5,mixed_deficiency
566,566,5,B12_deficiency_anemia
567,567,4,iron_deficiency_anemia
568,568,1,anemia_other
569,569,3,mixed_deficiency
570,570,4,B12_deficiency_anemia
571,571,3,no_anemia_no_deficiency
572,572,5,mixed_deficiency
573,573,1,folate_deficiency_anemia
574,574,1,inflammation_anemia
575,575,4,copper_deficiency
576,576,2,latent_deficiency
577,577,2,anemia_other
578,578,1,B12_deficiency_no_anemia
579,579,2,folate_deficiency_anemia
580,580,4,iron_deficiency_anemia
581,581,1,latent_deficiency
582,582,2,anemia_other
583,583,1,no_anemia_no_deficiency
584,584,1,folate_deficiency_no_anemia
585,585,3,no_anemia_no_deficiency
586,586,5,latent_deficiency
587,587,5,no_anemia_no_deficiency
588,588,3,mixed_deficiency
589,589,2,iron_deficiency_anemia
590,590,2,mixed_deficiency
591,591,4,B12_deficiency_anemia
592,592,2,folate_deficiency_no_anemia
593,593,5,no_anemia_no_deficiency
594,594,1,no_anemia_no_deficiency
595,595,2,latent_deficiency
596,596,2,B12_deficiency_no_anemia
597,597,2,folate_deficiency_no_anemia
598,598,5,folate_deficiency_anemia
599,599,4,iron_deficiency_anemia
600,600,5,iron_deficiency_anemia
601,601,2,mixed_deficiency
602,602,2,B12_deficiency_anemia
603,603,2,no_anemia_no_deficiency
604,604,2,copper_deficiency
605,605,5,inflammation_anemia
606,606,5,B12_deficiency_no_anemia
607,607,2,mixed_deficiency
608,608,2,no_anemia_no_deficiency
609,609,2,latent_deficiency
610,610,1,B12_deficiency_anemia
611,611,5,B12_deficiency_anemia
612,612,3,B12_deficiency_no_anemia
613,613,1,anemia_other
614,614,3,no_anemia_no_deficiency
615,615,5,B12_deficiency_anemia
616,616,4,mixed_deficiency
617,617,3,anemia_other
618,618,3,mixed_deficiency
619,619,3,iron_deficiency_anemia
620,620,2,anemia_other
621,621,5,B12_deficiency_no_anemia
622,622,5,no_anemia_no_deficiency
623,623,3,B6_deficiency
624,624,4,no_anemia_no_deficiency
625,625,1,copper_deficiency
626,626,3,iron_deficiency_anemia
627,627,1,B12_deficiency_anemia
628,628,2,no_anemia_no_deficiency
629,629,4,B12_deficiency_no_anemia
630,630,4,no_anemia_no_deficiency
631,631,5,latent_deficiency
632,632,5,no_anemia_no_deficiency
633,633,5,iron_deficiency_anemia
634,634,4,folate_deficiency_no_anemia
635,635,3,mixed_deficiency
636,636,4,B12_deficiency_anemia
637,637,4,inflammation_anemia
638,638,3,B12_deficiency_no_anemia
639,639,4,latent_deficiency
640,640,2,mixed_deficiency
641,641,4,folate_deficiency_no_anemia
642,642,1,B12_deficiency_anemia
643,643,2,iron_deficiency_anemia
644,644,1,B12_deficiency_no_anemia
645,645,1,latent_deficiency
646,646,3,anemia_other
647,647,5,folate_deficiency_anemia
648,648,5,folate_deficiency_no_anemia
649,649,2,B12_deficiency_no_anemia
650,650,4,latent_deficiency
651,651,2,copper_deficiency
652,652,5,B6_deficiency
653,653,1,anemia_other
654,654,3,B12_deficiency_anemia
655,655,3,mixed_deficiency
656,656,5,iron_deficiency_anemia
657,657,5,mixed_deficiency
658,658,2,no_anemia_no_deficiency
659,659,4,inflammation_anemia
660,660,1,iron_deficiency_anemia
661,661,4,B6_deficiency
662,662,5,iron_deficiency_anemia
663,663,4,no_anemia_no_deficiency
664,664,5,B12_deficiency_anemia
665,665,3,anemia_other
666,666,1,latent_deficiency
667,667,2,anemia_other
668,668,4,mixed_deficiency
669,669,5,latent_deficiency
670,670,1,latent_deficiency
671,671,4,anemia_other
672,672,1,B6_deficiency
673,673,2,B12_deficiency_no_anemia
674,674,1,B12_deficiency_anemia
675,675,5,mixed_deficiency
676,676,4,B12_deficiency_no_anemia
677,677,4,inflammation_anemia
678,678,2,B12_deficiency_no_anemia
679,679,4,latent_deficiency
680,680,3,folate_deficiency_anemia
681,681,2,latent_deficiency
682,682,5,folate_deficiency_anemia
683,683,5,B12_deficiency_anemia
684,684,1,no_anemia_no_deficiency
685,685,2,mixed_deficiency
686,686,1,iron_deficiency_anemia
687,687,5,B12_deficiency_no_anemia
688,688,3,mixed_deficiency
689,689,5,anemia_other
690,690,2,iron_deficiency_anemia
691,691,1,B12_deficiency_no_anemia
692,692,3,iron_deficiency_anemia
693,693,4,no_anemia_no_deficiency
694,694,2,latent_deficiency
695,695,1,iron_deficiency_anemia
696,696,5,folate_deficiency_anemia
697,697,3,mixed_deficiency
698,698,1,folate_deficiency_anemia
699,699,5,no_anemia_no_deficiency
700,700,3,mixed_deficiency
701,701,2,anemia_other
702,702,2,copper_deficiency
703,703,2,anemia_other
704,704,3,no_anemia_no_deficiency
705,705,3,iron_deficiency_anemia
706,706,3,inflammation_anemia
707,707,4,B6_deficiency
708,708,1,mixed_deficiency
709,709,2,iron_deficiency_anemia
710,710,2,B12_deficiency_anemia
711,711,4,B12_deficiency_anemia
712,712,2,B12_deficiency_no_anemia
713,713,2,no_anemia_no_deficiency
714,714,1,anemia_other
715,715,3,folate_deficiency_anemia
716,716,1,anemia_other
717,717,2,latent_deficiency
718,718,2,mixed_deficiency
719,719,1,iron_deficiency_anemia
720,720,5,B12_deficiency_no_anemia
721,721,4,anemia_other
722,722,3,iron_deficiency_anemia
723,723,4,mixed_deficiency
724,724,2,iron_deficiency_anemia
725,725,3,mixed_deficiency
726,726,1,mixed_deficiency
727,727,2,B12_deficiency_no_anemia
728,728,5,inflammation_anemia
729,729,5,B6_deficiency
730,730,2,mixed_deficiency
731,731,4,B12_deficiency_no_anemia
732,732,4,mixed_deficiency
733,733,5,B12_deficiency_anemia
734,734,2,folate_deficiency_no_anemia
735,735,3,iron_deficiency_anemia
736,736,2,inflammation_anemia
737,737,1,iron_deficiency_anemia
738,738,5,iron_deficiency_anemia
739,739,3,B12_deficiency_anemia
740,740,2,no_anemia_no_deficiency
741,741,5,no_anemia_no_deficiency
742,742,2,latent_deficiency
743,743,1,mixed_deficiency
744,744,2,B12_deficiency_anemia
745,745,3,folate_deficiency_anemia
746,746,3,mixed_deficiency
747,747,4,anemia_other
748,748,4,B6_deficiency
749,749,2,B12_deficiency_anemia
750,750,3,no_anemia_no_deficiency
751,751,5,anemia_other
752,752,2,mixed_deficiency
753,753,2,latent_deficiency
754,754,5,iron_deficiency_anemia
755,755,4,folate_deficiency_anemia
756,756,1,no_anemia_no_deficiency
757,757,1,mixed_deficiency
758,758,5,anemia_other
759,759,4,no_anemia_no_deficiency
760,760,2,no_anemia_no_deficiency
761,761,2,folate_deficiency_no_anemia
762,762,2,mixed_deficiency
763,763,2,anemia_other
764,764,3,latent_deficiency
765,765,2,inflammation_anemia
766,766,2,B12_deficiency_no_anemia
767,767,5,B12_deficiency_no_anemia
768,768,5,anemia_other
769,769,3,no_anemia_no_deficiency
770,770,1,B6_deficiency
771,771,2,mixed_deficiency
772,772,3,no_anemia_no_deficiency
773,773,1,folate_deficiency_anemia
774,774,3,iron_deficiency_anemia
775,775,2,no_anemia_no_deficiency
776,776,5,B12_deficiency_no_anemia
777,777,2,no_anemia_no_deficiency
778,778,3,anemia_other
779,779,3,latent_deficiency
780,780,1,mixed_deficiency
781,781,1,latent_deficiency
782,782,3,latent_deficiency
783,783,2,folate_deficiency_anemia
784,784,3,folate_deficiency_no_anemia
785,785,3,latent_deficiency
786,786,1,B12_deficiency_anemia
787,787,4,mixed_deficiency
788,788,3,B12_deficiency_no_anemia
789,789,5,latent_deficiency
790,790,3,latent_deficiency
791,791,1,mixed_deficiency
792,792,2,mixed_deficiency
793,793,5,folate_deficiency_anemia
794,794,2,latent_deficiency
795,795,5,folate_deficiency_anemia
796,796,3,iron_deficiency_anemia
797,797,5,inflammation_anemia
798,798,1,mixed_deficiency
799,799,4,folate_deficiency_anemia
800,800,3,iron_deficiency_anemia
801,801,5,no_anemia_no_deficiency
802,802,1,B12_deficiency_anemia
803,803,3,no_anemia_no_deficiency
804,804,3,mixed_deficiency
805,805,5,mixed_deficiency
806,806,3,anemia_other
807,807,2,B12_deficiency_anemia
808,808,2,inflammation_anemia
809,809,4,iron_deficiency_anemia
810,810,1,B12_deficiency_no_anemia
811,811,4,mixed_deficiency
812,812,1,B12_deficiency_anemia
813,813,3,B12_deficiency_anemia
814,814,4,folate_deficiency_anemia
815,815,4,anemia_other
816,816,2,inflammation_anemia
817,817,5,B12_deficiency_anemia
818,818,1,anemia_other
819,819,1,latent_deficiency
820,820,5,B6_deficiency
821,821,4,latent_deficiency
822,822,2,B12_deficiency_no_anemia
823,823,3,anemia_other
824,824,5,anemia_other
825,825,1,inflammation_anemia
826,826,2,inflammation_anemia
827,827,5,inflammation_anemia
828,828,5,iron_deficiency_anemia
829,829,3,mixed_deficiency
830,830,4,anemia_other
831,831,3,anemia_other
832,832,1,iron_deficiency_anemia
833,833,4,no_anemia_no_deficiency
834,834,4,B12_deficiency_no_anemia
835,835,1,iron_deficiency_anemia
836,836,1,anemia_other
837,837,4,latent_deficiency
838,838,3,B12_deficiency_anemia
839,839,2,inflammation_anemia
