dimension,group,class,N,recall
sex,M,no_anemia_no_deficiency,37,1.0
sex,M,latent_deficiency,27,0.9629629629629629
sex,M,iron_deficiency_anemia,24,0.875
sex,M,B12_deficiency_anemia,18,0.8888888888888888
sex,M,B12_deficiency_no_anemia,11,0.8181818181818182
sex,M,folate_deficiency_anemia,17,0.5882352941176471
sex,M,folate_deficiency_no_anemia,8,0.625
sex,M,B6_deficiency,13,0.9230769230769231
sex,M,copper_deficiency,10,1.0
sex,M,inflammation_anemia,20,1.0
sex,M,mixed_deficiency,33,0.696969696969697
sex,M,anemia_other,26,0.9230769230769231
sex,F,no_anemia_no_deficiency,73,0.9726027397260274
sex,F,latent_deficiency,58,0.9137931034482759
sex,F,iron_deficiency_anemia,91,0.9120879120879121
sex,F,B12_deficiency_anemia,47,0.9787234042553191
sex,F,B12_deficiency_no_anemia,39,0.9230769230769231
sex,F,folate_deficiency_anemia,33,0.9090909090909091
sex,F,folate_deficiency_no_anemia,32,0.65625
sex,F,B6_deficiency,22,0.7727272727272727
sex,F,copper_deficiency,25,0.84
sex,F,inflammation_anemia,45,1.0
sex,F,mixed_deficiency,82,0.7682926829268293
sex,F,anemia_other,49,0.9795918367346939
age,60–74,no_anemia_no_deficiency,22,1.0
age,60–74,latent_deficiency,24,0.9166666666666666
age,60–74,iron_deficiency_anemia,19,0.8421052631578947
age,60–74,B12_deficiency_anemia,20,0.9
age,60–74,B12_deficiency_no_anemia,10,0.9
age,60–74,folate_deficiency_anemia,18,0.6666666666666666
age,60–74,folate_deficiency_no_anemia,12,0.6666666666666666
age,60–74,B6_deficiency,12,0.8333333333333334
age,60–74,copper_deficiency,6,0.8333333333333334
age,60–74,inflammation_anemia,15,1.0
age,60–74,mixed_deficiency,39,0.717948717948718
age,60–74,anemia_other,23,0.9565217391304348
age,40–59,no_anemia_no_deficiency,43,1.0
age,40–59,latent_deficiency,20,0.95
age,40–59,iron_deficiency_anemia,37,0.9459459459459459
age,40–59,B12_deficiency_anemia,16,0.9375
age,40–59,B12_deficiency_no_anemia,20,0.95
age,40–59,folate_deficiency_anemia,19,0.8947368421052632
age,40–59,folate_deficiency_no_anemia,12,0.6666666666666666
age,40–59,B6_deficiency,10,1.0
age,40–59,copper_deficiency,11,0.9090909090909091
age,40–59,inflammation_anemia,27,1.0
age,40–59,mixed_deficiency,38,0.6842105263157895
age,40–59,anemia_other,19,0.9473684210526315
age,18–39,no_anemia_no_deficiency,19,1.0
age,18–39,latent_deficiency,18,0.8333333333333334
age,18–39,iron_deficiency_anemia,25,0.96
age,18–39,B12_deficiency_anemia,13,1.0
age,18–39,B12_deficiency_no_anemia,4,0.75
age,18–39,folate_deficiency_anemia,6,1.0
age,18–39,folate_deficiency_no_anemia,7,0.7142857142857143
age,18–39,B6_deficiency,5,1.0
age,18–39,copper_deficiency,8,0.875
age,18–39,inflammation_anemia,6,1.0
age,18–39,mixed_deficiency,19,0.8947368421052632
age,18–39,anemia_other,13,0.9230769230769231
age,75+,no_anemia_no_deficiency,26,0.9230769230769231
age,75+,latent_deficiency,23,1.0
age,75+,iron_deficiency_anemia,34,0.8529411764705882
age,75+,B12_deficiency_anemia,16,1.0
age,75+,B12_deficiency_no_anemia,16,0.875
age,75+,folate_deficiency_anemia,7,0.7142857142857143
age,75+,folate_deficiency_no_anemia,9,0.5555555555555556
age,75+,B6_deficiency,8,0.5
age,75+,copper_deficiency,10,0.9
age,75+,inflammation_anemia,17,1.0
age,75+,mixed_deficiency,19,0.7894736842105263
age,75+,anemia_other,20,1.0
