feature,min,max,canonical_unit,observed_min,observed_max,violations
hemoglobin,0,300,г/л,52.3,174.8,0
RBC,0,15,10^12/л,2.02,6.68,0
hematocrit,0,80,%,17.9,53.6,0
MCV,0,200,фл,58.0,123.4,0
MCH,0,80,пг,16.7,40.7,0
MCHC,0,600,г/л,270.0,359.9,0
RDW,0,60,%,11.1,30.2,0
platelets,0,3000,10^9/л,76.0,722.0,0
WBC,0,500,10^9/л,1.9,14.34,0
reticulocytes,0,100,%,0.3,2.2,0
ferritin,0,100000,мкг/л,3.3,403.9,0
serum_iron,0,300,мкмоль/л,2.4,32.6,0
transferrin,0,10,г/л,1.31,4.33,0
TIBC,0,300,мкмоль/л,31.1,109.2,0
UIBC,0,300,мкмоль/л,25.6,100.9,0
TSAT,0,100,%,3.5,41.9,0
sTfR,0,100,мг/л,0.84,6.39,0
Ret_He,0,80,пг,19.1,36.8,0
vitamin_B12,0,50000,пг/мл,84.0,950.0,0
active_B12,0,5000,пмоль/л,10.0,129.7,0
MMA,0,100,мкмоль/л,0.101,1.28,0
homocysteine,0,500,мкмоль/л,7.1,42.0,0
folate,0,200,нг/мл,1.2,15.9,0
vitamin_B6,0,5000,нмоль/л,5.1,94.1,0
copper,0,200,мкмоль/л,5.2,29.3,0
ceruloplasmin,0,5,г/л,0.09,0.49,0
CRP,0,1000,мг/л,0.2,180.0,0
ESR,0,200,мм/ч,2.0,113.0,0
creatinine,0,3000,мкмоль/л,46.0,347.0,0
eGFR,0,300,мл/мин/1.73м2,18.0,125.0,0
TSH,0,1000,мМЕ/л,0.26,9.32,0
albumin,0,100,г/л,24.8,49.7,0
LDH,0,50000,Ед/л,111.0,595.0,0
indirect_bilirubin,0,1000,мкмоль/л,2.1,32.8,0
haptoglobin,0,10,г/л,0.16,2.1,0
